rank	fdr	method
1	NA	Enrich2
2	NA	Enrich2
3	NA	Enrich2
4	NA	Enrich2
5	NA	Enrich2
6	NA	Enrich2
7	NA	Enrich2
8	NA	Enrich2
9	NA	Enrich2
10	NA	Enrich2
11	NA	Enrich2
12	NA	Enrich2
13	NA	Enrich2
14	NA	Enrich2
15	NA	Enrich2
16	NA	Enrich2
17	NA	Enrich2
18	NA	Enrich2
19	NA	Enrich2
20	NA	Enrich2
21	NA	Enrich2
22	NA	Enrich2
23	NA	Enrich2
24	NA	Enrich2
25	NA	Enrich2
26	NA	Enrich2
27	NA	Enrich2
28	NA	Enrich2
29	NA	Enrich2
30	NA	Enrich2
31	NA	Enrich2
32	NA	Enrich2
33	NA	Enrich2
34	NA	Enrich2
35	NA	Enrich2
36	NA	Enrich2
37	NA	Enrich2
38	NA	Enrich2
39	NA	Enrich2
40	NA	Enrich2
41	NA	Enrich2
42	NA	Enrich2
43	NA	Enrich2
44	NA	Enrich2
45	NA	Enrich2
46	NA	Enrich2
47	NA	Enrich2
48	NA	Enrich2
49	NA	Enrich2
50	NA	Enrich2
51	NA	Enrich2
52	NA	Enrich2
53	NA	Enrich2
54	NA	Enrich2
55	NA	Enrich2
56	NA	Enrich2
57	NA	Enrich2
58	NA	Enrich2
59	NA	Enrich2
60	NA	Enrich2
61	NA	Enrich2
62	NA	Enrich2
63	NA	Enrich2
64	NA	Enrich2
65	NA	Enrich2
66	NA	Enrich2
67	NA	Enrich2
68	NA	Enrich2
69	NA	Enrich2
70	NA	Enrich2
71	NA	Enrich2
72	NA	Enrich2
73	NA	Enrich2
74	NA	Enrich2
75	NA	Enrich2
76	NA	Enrich2
77	NA	Enrich2
78	NA	Enrich2
79	NA	Enrich2
80	NA	Enrich2
81	NA	Enrich2
82	NA	Enrich2
83	NA	Enrich2
84	NA	Enrich2
85	NA	Enrich2
86	NA	Enrich2
87	NA	Enrich2
88	NA	Enrich2
89	NA	Enrich2
90	NA	Enrich2
91	NA	Enrich2
92	NA	Enrich2
93	NA	Enrich2
94	NA	Enrich2
95	NA	Enrich2
96	NA	Enrich2
97	NA	Enrich2
98	NA	Enrich2
99	NA	Enrich2
100	NA	Enrich2
101	NA	Enrich2
102	NA	Enrich2
103	NA	Enrich2
104	NA	Enrich2
105	NA	Enrich2
106	NA	Enrich2
107	NA	Enrich2
108	NA	Enrich2
109	NA	Enrich2
110	NA	Enrich2
111	NA	Enrich2
112	NA	Enrich2
113	NA	Enrich2
114	NA	Enrich2
115	NA	Enrich2
116	NA	Enrich2
117	NA	Enrich2
118	NA	Enrich2
119	NA	Enrich2
120	NA	Enrich2
121	NA	Enrich2
122	NA	Enrich2
123	NA	Enrich2
124	NA	Enrich2
125	NA	Enrich2
126	NA	Enrich2
127	NA	Enrich2
128	NA	Enrich2
129	NA	Enrich2
130	NA	Enrich2
131	NA	Enrich2
132	NA	Enrich2
133	NA	Enrich2
134	NA	Enrich2
135	NA	Enrich2
136	NA	Enrich2
137	NA	Enrich2
138	NA	Enrich2
139	NA	Enrich2
140	NA	Enrich2
141	NA	Enrich2
142	NA	Enrich2
143	NA	Enrich2
144	NA	Enrich2
145	NA	Enrich2
146	NA	Enrich2
147	NA	Enrich2
148	NA	Enrich2
149	NA	Enrich2
150	NA	Enrich2
151	NA	Enrich2
152	NA	Enrich2
153	NA	Enrich2
154	NA	Enrich2
155	NA	Enrich2
156	NA	Enrich2
157	NA	Enrich2
158	NA	Enrich2
159	NA	Enrich2
160	NA	Enrich2
161	NA	Enrich2
162	NA	Enrich2
163	NA	Enrich2
164	NA	Enrich2
165	NA	Enrich2
166	NA	Enrich2
167	NA	Enrich2
168	NA	Enrich2
169	NA	Enrich2
170	NA	Enrich2
171	NA	Enrich2
172	NA	Enrich2
173	NA	Enrich2
174	NA	Enrich2
175	NA	Enrich2
176	NA	Enrich2
177	NA	Enrich2
178	NA	Enrich2
179	NA	Enrich2
180	NA	Enrich2
181	NA	Enrich2
182	NA	Enrich2
183	NA	Enrich2
184	NA	Enrich2
185	NA	Enrich2
186	NA	Enrich2
187	NA	Enrich2
188	NA	Enrich2
189	NA	Enrich2
190	NA	Enrich2
191	NA	Enrich2
192	NA	Enrich2
193	NA	Enrich2
194	NA	Enrich2
195	NA	Enrich2
196	NA	Enrich2
197	NA	Enrich2
198	NA	Enrich2
199	NA	Enrich2
200	NA	Enrich2
201	NA	Enrich2
202	NA	Enrich2
203	NA	Enrich2
204	NA	Enrich2
205	NA	Enrich2
206	NA	Enrich2
207	NA	Enrich2
208	NA	Enrich2
209	NA	Enrich2
210	NA	Enrich2
211	NA	Enrich2
212	NA	Enrich2
213	NA	Enrich2
214	NA	Enrich2
215	NA	Enrich2
216	NA	Enrich2
217	NA	Enrich2
218	NA	Enrich2
219	NA	Enrich2
220	NA	Enrich2
221	NA	Enrich2
222	NA	Enrich2
223	NA	Enrich2
224	NA	Enrich2
225	NA	Enrich2
226	NA	Enrich2
227	NA	Enrich2
228	NA	Enrich2
229	NA	Enrich2
230	NA	Enrich2
231	NA	Enrich2
232	NA	Enrich2
233	NA	Enrich2
234	NA	Enrich2
235	NA	Enrich2
236	NA	Enrich2
237	NA	Enrich2
238	NA	Enrich2
239	NA	Enrich2
240	NA	Enrich2
241	NA	Enrich2
242	NA	Enrich2
243	NA	Enrich2
244	NA	Enrich2
245	NA	Enrich2
246	NA	Enrich2
247	NA	Enrich2
248	NA	Enrich2
249	NA	Enrich2
250	NA	Enrich2
251	NA	Enrich2
252	NA	Enrich2
253	NA	Enrich2
254	NA	Enrich2
255	NA	Enrich2
256	NA	Enrich2
257	NA	Enrich2
258	NA	Enrich2
259	NA	Enrich2
260	NA	Enrich2
261	NA	Enrich2
262	NA	Enrich2
263	NA	Enrich2
264	NA	Enrich2
265	NA	Enrich2
266	NA	Enrich2
267	NA	Enrich2
268	NA	Enrich2
269	NA	Enrich2
270	NA	Enrich2
271	NA	Enrich2
272	NA	Enrich2
273	NA	Enrich2
274	NA	Enrich2
275	NA	Enrich2
276	NA	Enrich2
277	NA	Enrich2
278	NA	Enrich2
279	NA	Enrich2
280	NA	Enrich2
281	NA	Enrich2
282	NA	Enrich2
283	NA	Enrich2
284	NA	Enrich2
285	NA	Enrich2
286	NA	Enrich2
287	NA	Enrich2
288	NA	Enrich2
289	NA	Enrich2
290	NA	Enrich2
291	NA	Enrich2
292	NA	Enrich2
293	NA	Enrich2
294	NA	Enrich2
295	NA	Enrich2
296	NA	Enrich2
297	NA	Enrich2
298	NA	Enrich2
299	NA	Enrich2
300	NA	Enrich2
301	NA	Enrich2
302	NA	Enrich2
303	NA	Enrich2
304	NA	Enrich2
305	NA	Enrich2
306	NA	Enrich2
307	NA	Enrich2
308	NA	Enrich2
309	NA	Enrich2
310	NA	Enrich2
311	NA	Enrich2
312	NA	Enrich2
313	NA	Enrich2
314	NA	Enrich2
315	NA	Enrich2
316	NA	Enrich2
317	NA	Enrich2
318	NA	Enrich2
319	NA	Enrich2
320	NA	Enrich2
321	NA	Enrich2
322	NA	Enrich2
323	NA	Enrich2
324	NA	Enrich2
325	NA	Enrich2
326	NA	Enrich2
327	NA	Enrich2
328	NA	Enrich2
329	NA	Enrich2
330	NA	Enrich2
331	NA	Enrich2
332	NA	Enrich2
333	NA	Enrich2
334	NA	Enrich2
335	NA	Enrich2
336	NA	Enrich2
337	NA	Enrich2
338	NA	Enrich2
339	NA	Enrich2
340	NA	Enrich2
341	NA	Enrich2
342	NA	Enrich2
343	NA	Enrich2
344	NA	Enrich2
345	NA	Enrich2
346	NA	Enrich2
347	NA	Enrich2
348	NA	Enrich2
349	NA	Enrich2
350	NA	Enrich2
351	NA	Enrich2
352	NA	Enrich2
353	NA	Enrich2
354	NA	Enrich2
355	NA	Enrich2
356	NA	Enrich2
357	NA	Enrich2
358	NA	Enrich2
359	NA	Enrich2
360	NA	Enrich2
361	NA	Enrich2
362	NA	Enrich2
363	NA	Enrich2
364	NA	Enrich2
365	NA	Enrich2
366	NA	Enrich2
367	NA	Enrich2
368	NA	Enrich2
369	NA	Enrich2
370	NA	Enrich2
371	NA	Enrich2
372	NA	Enrich2
373	NA	Enrich2
374	NA	Enrich2
375	NA	Enrich2
376	NA	Enrich2
377	NA	Enrich2
378	NA	Enrich2
379	NA	Enrich2
380	NA	Enrich2
381	NA	Enrich2
382	NA	Enrich2
383	NA	Enrich2
384	NA	Enrich2
385	NA	Enrich2
386	NA	Enrich2
387	NA	Enrich2
388	NA	Enrich2
389	NA	Enrich2
390	NA	Enrich2
391	NA	Enrich2
392	NA	Enrich2
393	NA	Enrich2
394	NA	Enrich2
395	NA	Enrich2
396	NA	Enrich2
397	NA	Enrich2
398	NA	Enrich2
399	NA	Enrich2
400	NA	Enrich2
401	NA	Enrich2
402	NA	Enrich2
403	NA	Enrich2
404	NA	Enrich2
405	NA	Enrich2
406	NA	Enrich2
407	NA	Enrich2
408	NA	Enrich2
409	NA	Enrich2
410	NA	Enrich2
411	NA	Enrich2
412	NA	Enrich2
413	NA	Enrich2
414	NA	Enrich2
415	NA	Enrich2
416	NA	Enrich2
417	NA	Enrich2
418	NA	Enrich2
419	NA	Enrich2
420	NA	Enrich2
421	NA	Enrich2
422	NA	Enrich2
423	NA	Enrich2
424	NA	Enrich2
425	NA	Enrich2
426	NA	Enrich2
427	NA	Enrich2
428	NA	Enrich2
429	NA	Enrich2
430	NA	Enrich2
431	NA	Enrich2
432	NA	Enrich2
433	NA	Enrich2
434	NA	Enrich2
435	NA	Enrich2
436	NA	Enrich2
437	NA	Enrich2
438	NA	Enrich2
439	NA	Enrich2
440	NA	Enrich2
441	NA	Enrich2
442	NA	Enrich2
443	NA	Enrich2
444	NA	Enrich2
445	NA	Enrich2
446	NA	Enrich2
447	NA	Enrich2
448	NA	Enrich2
449	NA	Enrich2
450	NA	Enrich2
451	NA	Enrich2
452	NA	Enrich2
453	NA	Enrich2
454	NA	Enrich2
455	NA	Enrich2
456	NA	Enrich2
457	NA	Enrich2
458	NA	Enrich2
459	NA	Enrich2
460	NA	Enrich2
461	NA	Enrich2
462	NA	Enrich2
463	NA	Enrich2
464	NA	Enrich2
465	NA	Enrich2
466	NA	Enrich2
467	NA	Enrich2
468	NA	Enrich2
469	NA	Enrich2
470	NA	Enrich2
471	NA	Enrich2
472	NA	Enrich2
473	NA	Enrich2
474	NA	Enrich2
475	NA	Enrich2
476	NA	Enrich2
477	NA	Enrich2
478	NA	Enrich2
479	NA	Enrich2
480	NA	Enrich2
481	NA	Enrich2
482	NA	Enrich2
483	NA	Enrich2
484	NA	Enrich2
485	NA	Enrich2
486	NA	Enrich2
487	NA	Enrich2
488	NA	Enrich2
489	NA	Enrich2
490	NA	Enrich2
491	NA	Enrich2
492	NA	Enrich2
493	NA	Enrich2
494	NA	Enrich2
495	NA	Enrich2
496	NA	Enrich2
497	NA	Enrich2
498	NA	Enrich2
499	NA	Enrich2
500	NA	Enrich2
1	NA	Rosace
2	NA	Rosace
3	NA	Rosace
4	NA	Rosace
5	NA	Rosace
6	NA	Rosace
7	NA	Rosace
8	NA	Rosace
9	NA	Rosace
10	NA	Rosace
11	NA	Rosace
12	NA	Rosace
13	NA	Rosace
14	NA	Rosace
15	NA	Rosace
16	NA	Rosace
17	NA	Rosace
18	NA	Rosace
19	NA	Rosace
20	NA	Rosace
21	NA	Rosace
22	NA	Rosace
23	NA	Rosace
24	NA	Rosace
25	NA	Rosace
26	NA	Rosace
27	NA	Rosace
28	NA	Rosace
29	NA	Rosace
30	NA	Rosace
31	NA	Rosace
32	NA	Rosace
33	NA	Rosace
34	NA	Rosace
35	NA	Rosace
36	NA	Rosace
37	NA	Rosace
38	NA	Rosace
39	NA	Rosace
40	NA	Rosace
41	NA	Rosace
42	NA	Rosace
43	NA	Rosace
44	NA	Rosace
45	NA	Rosace
46	NA	Rosace
47	NA	Rosace
48	NA	Rosace
49	NA	Rosace
50	NA	Rosace
51	NA	Rosace
52	NA	Rosace
53	NA	Rosace
54	NA	Rosace
55	NA	Rosace
56	NA	Rosace
57	NA	Rosace
58	NA	Rosace
59	NA	Rosace
60	NA	Rosace
61	NA	Rosace
62	NA	Rosace
63	NA	Rosace
64	NA	Rosace
65	NA	Rosace
66	NA	Rosace
67	NA	Rosace
68	NA	Rosace
69	NA	Rosace
70	NA	Rosace
71	NA	Rosace
72	NA	Rosace
73	NA	Rosace
74	NA	Rosace
75	NA	Rosace
76	NA	Rosace
77	NA	Rosace
78	NA	Rosace
79	NA	Rosace
80	NA	Rosace
81	NA	Rosace
82	NA	Rosace
83	NA	Rosace
84	NA	Rosace
85	NA	Rosace
86	NA	Rosace
87	NA	Rosace
88	NA	Rosace
89	NA	Rosace
90	NA	Rosace
91	NA	Rosace
92	NA	Rosace
93	NA	Rosace
94	NA	Rosace
95	NA	Rosace
96	NA	Rosace
97	NA	Rosace
98	NA	Rosace
99	NA	Rosace
100	NA	Rosace
101	NA	Rosace
102	NA	Rosace
103	NA	Rosace
104	NA	Rosace
105	NA	Rosace
106	NA	Rosace
107	NA	Rosace
108	NA	Rosace
109	NA	Rosace
110	NA	Rosace
111	NA	Rosace
112	NA	Rosace
113	NA	Rosace
114	NA	Rosace
115	NA	Rosace
116	NA	Rosace
117	NA	Rosace
118	NA	Rosace
119	NA	Rosace
120	NA	Rosace
121	NA	Rosace
122	NA	Rosace
123	NA	Rosace
124	NA	Rosace
125	NA	Rosace
126	NA	Rosace
127	NA	Rosace
128	NA	Rosace
129	NA	Rosace
130	NA	Rosace
131	NA	Rosace
132	NA	Rosace
133	NA	Rosace
134	NA	Rosace
135	NA	Rosace
136	NA	Rosace
137	NA	Rosace
138	NA	Rosace
139	NA	Rosace
140	NA	Rosace
141	NA	Rosace
142	NA	Rosace
143	NA	Rosace
144	NA	Rosace
145	NA	Rosace
146	NA	Rosace
147	NA	Rosace
148	NA	Rosace
149	NA	Rosace
150	NA	Rosace
151	NA	Rosace
152	NA	Rosace
153	NA	Rosace
154	NA	Rosace
155	NA	Rosace
156	NA	Rosace
157	NA	Rosace
158	NA	Rosace
159	NA	Rosace
160	NA	Rosace
161	NA	Rosace
162	NA	Rosace
163	NA	Rosace
164	NA	Rosace
165	NA	Rosace
166	NA	Rosace
167	NA	Rosace
168	NA	Rosace
169	NA	Rosace
170	NA	Rosace
171	NA	Rosace
172	NA	Rosace
173	NA	Rosace
174	NA	Rosace
175	NA	Rosace
176	NA	Rosace
177	NA	Rosace
178	NA	Rosace
179	NA	Rosace
180	NA	Rosace
181	NA	Rosace
182	NA	Rosace
183	NA	Rosace
184	NA	Rosace
185	NA	Rosace
186	NA	Rosace
187	NA	Rosace
188	NA	Rosace
189	NA	Rosace
190	NA	Rosace
191	NA	Rosace
192	NA	Rosace
193	NA	Rosace
194	NA	Rosace
195	NA	Rosace
196	NA	Rosace
197	NA	Rosace
198	NA	Rosace
199	NA	Rosace
200	NA	Rosace
201	NA	Rosace
202	NA	Rosace
203	NA	Rosace
204	NA	Rosace
205	NA	Rosace
206	NA	Rosace
207	NA	Rosace
208	NA	Rosace
209	NA	Rosace
210	NA	Rosace
211	NA	Rosace
212	NA	Rosace
213	NA	Rosace
214	NA	Rosace
215	NA	Rosace
216	NA	Rosace
217	NA	Rosace
218	NA	Rosace
219	NA	Rosace
220	NA	Rosace
221	NA	Rosace
222	NA	Rosace
223	NA	Rosace
224	NA	Rosace
225	NA	Rosace
226	NA	Rosace
227	NA	Rosace
228	NA	Rosace
229	NA	Rosace
230	NA	Rosace
231	NA	Rosace
232	NA	Rosace
233	NA	Rosace
234	NA	Rosace
235	NA	Rosace
236	NA	Rosace
237	NA	Rosace
238	NA	Rosace
239	NA	Rosace
240	NA	Rosace
241	NA	Rosace
242	NA	Rosace
243	NA	Rosace
244	NA	Rosace
245	NA	Rosace
246	NA	Rosace
247	NA	Rosace
248	NA	Rosace
249	NA	Rosace
250	NA	Rosace
251	NA	Rosace
252	NA	Rosace
253	NA	Rosace
254	NA	Rosace
255	NA	Rosace
256	NA	Rosace
257	NA	Rosace
258	NA	Rosace
259	NA	Rosace
260	NA	Rosace
261	NA	Rosace
262	NA	Rosace
263	NA	Rosace
264	NA	Rosace
265	NA	Rosace
266	NA	Rosace
267	NA	Rosace
268	NA	Rosace
269	NA	Rosace
270	NA	Rosace
271	NA	Rosace
272	NA	Rosace
273	NA	Rosace
274	NA	Rosace
275	NA	Rosace
276	NA	Rosace
277	NA	Rosace
278	NA	Rosace
279	NA	Rosace
280	NA	Rosace
281	NA	Rosace
282	NA	Rosace
283	NA	Rosace
284	NA	Rosace
285	NA	Rosace
286	NA	Rosace
287	NA	Rosace
288	NA	Rosace
289	NA	Rosace
290	NA	Rosace
291	NA	Rosace
292	NA	Rosace
293	NA	Rosace
294	NA	Rosace
295	NA	Rosace
296	NA	Rosace
297	NA	Rosace
298	NA	Rosace
299	NA	Rosace
300	NA	Rosace
301	NA	Rosace
302	NA	Rosace
303	NA	Rosace
304	NA	Rosace
305	NA	Rosace
306	NA	Rosace
307	NA	Rosace
308	NA	Rosace
309	NA	Rosace
310	NA	Rosace
311	NA	Rosace
312	NA	Rosace
313	NA	Rosace
314	NA	Rosace
315	NA	Rosace
316	NA	Rosace
317	NA	Rosace
318	NA	Rosace
319	NA	Rosace
320	NA	Rosace
321	NA	Rosace
322	NA	Rosace
323	NA	Rosace
324	NA	Rosace
325	NA	Rosace
326	NA	Rosace
327	NA	Rosace
328	NA	Rosace
329	NA	Rosace
330	NA	Rosace
331	NA	Rosace
332	NA	Rosace
333	NA	Rosace
334	NA	Rosace
335	NA	Rosace
336	NA	Rosace
337	NA	Rosace
338	NA	Rosace
339	NA	Rosace
340	NA	Rosace
341	NA	Rosace
342	NA	Rosace
343	NA	Rosace
344	NA	Rosace
345	NA	Rosace
346	NA	Rosace
347	NA	Rosace
348	NA	Rosace
349	NA	Rosace
350	NA	Rosace
351	NA	Rosace
352	NA	Rosace
353	NA	Rosace
354	NA	Rosace
355	NA	Rosace
356	NA	Rosace
357	NA	Rosace
358	NA	Rosace
359	NA	Rosace
360	NA	Rosace
361	NA	Rosace
362	NA	Rosace
363	NA	Rosace
364	NA	Rosace
365	NA	Rosace
366	NA	Rosace
367	NA	Rosace
368	NA	Rosace
369	NA	Rosace
370	NA	Rosace
371	NA	Rosace
372	NA	Rosace
373	NA	Rosace
374	NA	Rosace
375	NA	Rosace
376	NA	Rosace
377	NA	Rosace
378	NA	Rosace
379	NA	Rosace
380	NA	Rosace
381	NA	Rosace
382	NA	Rosace
383	NA	Rosace
384	NA	Rosace
385	NA	Rosace
386	NA	Rosace
387	NA	Rosace
388	NA	Rosace
389	NA	Rosace
390	NA	Rosace
391	NA	Rosace
392	NA	Rosace
393	NA	Rosace
394	NA	Rosace
395	NA	Rosace
396	NA	Rosace
397	NA	Rosace
398	NA	Rosace
399	NA	Rosace
400	NA	Rosace
401	NA	Rosace
402	NA	Rosace
403	NA	Rosace
404	NA	Rosace
405	NA	Rosace
406	NA	Rosace
407	NA	Rosace
408	NA	Rosace
409	NA	Rosace
410	NA	Rosace
411	NA	Rosace
412	NA	Rosace
413	NA	Rosace
414	NA	Rosace
415	NA	Rosace
416	NA	Rosace
417	NA	Rosace
418	NA	Rosace
419	NA	Rosace
420	NA	Rosace
421	NA	Rosace
422	NA	Rosace
423	NA	Rosace
424	NA	Rosace
425	NA	Rosace
426	NA	Rosace
427	NA	Rosace
428	NA	Rosace
429	NA	Rosace
430	NA	Rosace
431	NA	Rosace
432	NA	Rosace
433	NA	Rosace
434	NA	Rosace
435	NA	Rosace
436	NA	Rosace
437	NA	Rosace
438	NA	Rosace
439	NA	Rosace
440	NA	Rosace
441	NA	Rosace
442	NA	Rosace
443	NA	Rosace
444	NA	Rosace
445	NA	Rosace
446	NA	Rosace
447	NA	Rosace
448	NA	Rosace
449	NA	Rosace
450	NA	Rosace
451	NA	Rosace
452	NA	Rosace
453	NA	Rosace
454	NA	Rosace
455	NA	Rosace
456	NA	Rosace
457	NA	Rosace
458	NA	Rosace
459	NA	Rosace
460	NA	Rosace
461	NA	Rosace
462	NA	Rosace
463	NA	Rosace
464	NA	Rosace
465	NA	Rosace
466	NA	Rosace
467	NA	Rosace
468	NA	Rosace
469	NA	Rosace
470	NA	Rosace
471	NA	Rosace
472	NA	Rosace
473	NA	Rosace
474	NA	Rosace
475	NA	Rosace
476	NA	Rosace
477	NA	Rosace
478	NA	Rosace
479	NA	Rosace
480	NA	Rosace
481	NA	Rosace
482	NA	Rosace
483	NA	Rosace
484	NA	Rosace
485	NA	Rosace
486	NA	Rosace
487	NA	Rosace
488	NA	Rosace
489	NA	Rosace
490	NA	Rosace
491	NA	Rosace
492	NA	Rosace
493	NA	Rosace
494	NA	Rosace
495	NA	Rosace
496	NA	Rosace
497	NA	Rosace
498	NA	Rosace
499	NA	Rosace
500	NA	Rosace
1	NA	Rosace(nopos)
2	NA	Rosace(nopos)
3	NA	Rosace(nopos)
4	NA	Rosace(nopos)
5	NA	Rosace(nopos)
6	NA	Rosace(nopos)
7	NA	Rosace(nopos)
8	NA	Rosace(nopos)
9	NA	Rosace(nopos)
10	NA	Rosace(nopos)
11	NA	Rosace(nopos)
12	NA	Rosace(nopos)
13	NA	Rosace(nopos)
14	NA	Rosace(nopos)
15	NA	Rosace(nopos)
16	NA	Rosace(nopos)
17	NA	Rosace(nopos)
18	NA	Rosace(nopos)
19	NA	Rosace(nopos)
20	NA	Rosace(nopos)
21	NA	Rosace(nopos)
22	NA	Rosace(nopos)
23	NA	Rosace(nopos)
24	NA	Rosace(nopos)
25	NA	Rosace(nopos)
26	NA	Rosace(nopos)
27	NA	Rosace(nopos)
28	NA	Rosace(nopos)
29	NA	Rosace(nopos)
30	NA	Rosace(nopos)
31	NA	Rosace(nopos)
32	NA	Rosace(nopos)
33	NA	Rosace(nopos)
34	NA	Rosace(nopos)
35	NA	Rosace(nopos)
36	NA	Rosace(nopos)
37	NA	Rosace(nopos)
38	NA	Rosace(nopos)
39	NA	Rosace(nopos)
40	NA	Rosace(nopos)
41	NA	Rosace(nopos)
42	NA	Rosace(nopos)
43	NA	Rosace(nopos)
44	NA	Rosace(nopos)
45	NA	Rosace(nopos)
46	NA	Rosace(nopos)
47	NA	Rosace(nopos)
48	NA	Rosace(nopos)
49	NA	Rosace(nopos)
50	NA	Rosace(nopos)
51	NA	Rosace(nopos)
52	NA	Rosace(nopos)
53	NA	Rosace(nopos)
54	NA	Rosace(nopos)
55	NA	Rosace(nopos)
56	NA	Rosace(nopos)
57	NA	Rosace(nopos)
58	NA	Rosace(nopos)
59	NA	Rosace(nopos)
60	NA	Rosace(nopos)
61	NA	Rosace(nopos)
62	NA	Rosace(nopos)
63	NA	Rosace(nopos)
64	NA	Rosace(nopos)
65	NA	Rosace(nopos)
66	NA	Rosace(nopos)
67	NA	Rosace(nopos)
68	NA	Rosace(nopos)
69	NA	Rosace(nopos)
70	NA	Rosace(nopos)
71	NA	Rosace(nopos)
72	NA	Rosace(nopos)
73	NA	Rosace(nopos)
74	NA	Rosace(nopos)
75	NA	Rosace(nopos)
76	NA	Rosace(nopos)
77	NA	Rosace(nopos)
78	NA	Rosace(nopos)
79	NA	Rosace(nopos)
80	NA	Rosace(nopos)
81	NA	Rosace(nopos)
82	NA	Rosace(nopos)
83	NA	Rosace(nopos)
84	NA	Rosace(nopos)
85	NA	Rosace(nopos)
86	NA	Rosace(nopos)
87	NA	Rosace(nopos)
88	NA	Rosace(nopos)
89	NA	Rosace(nopos)
90	NA	Rosace(nopos)
91	NA	Rosace(nopos)
92	NA	Rosace(nopos)
93	NA	Rosace(nopos)
94	NA	Rosace(nopos)
95	NA	Rosace(nopos)
96	NA	Rosace(nopos)
97	NA	Rosace(nopos)
98	NA	Rosace(nopos)
99	NA	Rosace(nopos)
100	NA	Rosace(nopos)
101	NA	Rosace(nopos)
102	NA	Rosace(nopos)
103	NA	Rosace(nopos)
104	NA	Rosace(nopos)
105	NA	Rosace(nopos)
106	NA	Rosace(nopos)
107	NA	Rosace(nopos)
108	NA	Rosace(nopos)
109	NA	Rosace(nopos)
110	NA	Rosace(nopos)
111	NA	Rosace(nopos)
112	NA	Rosace(nopos)
113	NA	Rosace(nopos)
114	NA	Rosace(nopos)
115	NA	Rosace(nopos)
116	NA	Rosace(nopos)
117	NA	Rosace(nopos)
118	NA	Rosace(nopos)
119	NA	Rosace(nopos)
120	NA	Rosace(nopos)
121	NA	Rosace(nopos)
122	NA	Rosace(nopos)
123	NA	Rosace(nopos)
124	NA	Rosace(nopos)
125	NA	Rosace(nopos)
126	NA	Rosace(nopos)
127	NA	Rosace(nopos)
128	NA	Rosace(nopos)
129	NA	Rosace(nopos)
130	NA	Rosace(nopos)
131	NA	Rosace(nopos)
132	NA	Rosace(nopos)
133	NA	Rosace(nopos)
134	NA	Rosace(nopos)
135	NA	Rosace(nopos)
136	NA	Rosace(nopos)
137	NA	Rosace(nopos)
138	NA	Rosace(nopos)
139	NA	Rosace(nopos)
140	NA	Rosace(nopos)
141	NA	Rosace(nopos)
142	NA	Rosace(nopos)
143	NA	Rosace(nopos)
144	NA	Rosace(nopos)
145	NA	Rosace(nopos)
146	NA	Rosace(nopos)
147	NA	Rosace(nopos)
148	NA	Rosace(nopos)
149	NA	Rosace(nopos)
150	NA	Rosace(nopos)
151	NA	Rosace(nopos)
152	NA	Rosace(nopos)
153	NA	Rosace(nopos)
154	NA	Rosace(nopos)
155	NA	Rosace(nopos)
156	NA	Rosace(nopos)
157	NA	Rosace(nopos)
158	NA	Rosace(nopos)
159	NA	Rosace(nopos)
160	NA	Rosace(nopos)
161	NA	Rosace(nopos)
162	NA	Rosace(nopos)
163	NA	Rosace(nopos)
164	NA	Rosace(nopos)
165	NA	Rosace(nopos)
166	NA	Rosace(nopos)
167	NA	Rosace(nopos)
168	NA	Rosace(nopos)
169	NA	Rosace(nopos)
170	NA	Rosace(nopos)
171	NA	Rosace(nopos)
172	NA	Rosace(nopos)
173	NA	Rosace(nopos)
174	NA	Rosace(nopos)
175	NA	Rosace(nopos)
176	NA	Rosace(nopos)
177	NA	Rosace(nopos)
178	NA	Rosace(nopos)
179	NA	Rosace(nopos)
180	NA	Rosace(nopos)
181	NA	Rosace(nopos)
182	NA	Rosace(nopos)
183	NA	Rosace(nopos)
184	NA	Rosace(nopos)
185	NA	Rosace(nopos)
186	NA	Rosace(nopos)
187	NA	Rosace(nopos)
188	NA	Rosace(nopos)
189	NA	Rosace(nopos)
190	NA	Rosace(nopos)
191	NA	Rosace(nopos)
192	NA	Rosace(nopos)
193	NA	Rosace(nopos)
194	NA	Rosace(nopos)
195	NA	Rosace(nopos)
196	NA	Rosace(nopos)
197	NA	Rosace(nopos)
198	NA	Rosace(nopos)
199	NA	Rosace(nopos)
200	NA	Rosace(nopos)
201	NA	Rosace(nopos)
202	NA	Rosace(nopos)
203	NA	Rosace(nopos)
204	NA	Rosace(nopos)
205	NA	Rosace(nopos)
206	NA	Rosace(nopos)
207	NA	Rosace(nopos)
208	NA	Rosace(nopos)
209	NA	Rosace(nopos)
210	NA	Rosace(nopos)
211	NA	Rosace(nopos)
212	NA	Rosace(nopos)
213	NA	Rosace(nopos)
214	NA	Rosace(nopos)
215	NA	Rosace(nopos)
216	NA	Rosace(nopos)
217	NA	Rosace(nopos)
218	NA	Rosace(nopos)
219	NA	Rosace(nopos)
220	NA	Rosace(nopos)
221	NA	Rosace(nopos)
222	NA	Rosace(nopos)
223	NA	Rosace(nopos)
224	NA	Rosace(nopos)
225	NA	Rosace(nopos)
226	NA	Rosace(nopos)
227	NA	Rosace(nopos)
228	NA	Rosace(nopos)
229	NA	Rosace(nopos)
230	NA	Rosace(nopos)
231	NA	Rosace(nopos)
232	NA	Rosace(nopos)
233	NA	Rosace(nopos)
234	NA	Rosace(nopos)
235	NA	Rosace(nopos)
236	NA	Rosace(nopos)
237	NA	Rosace(nopos)
238	NA	Rosace(nopos)
239	NA	Rosace(nopos)
240	NA	Rosace(nopos)
241	NA	Rosace(nopos)
242	NA	Rosace(nopos)
243	NA	Rosace(nopos)
244	NA	Rosace(nopos)
245	NA	Rosace(nopos)
246	NA	Rosace(nopos)
247	NA	Rosace(nopos)
248	NA	Rosace(nopos)
249	NA	Rosace(nopos)
250	NA	Rosace(nopos)
251	NA	Rosace(nopos)
252	NA	Rosace(nopos)
253	NA	Rosace(nopos)
254	NA	Rosace(nopos)
255	NA	Rosace(nopos)
256	NA	Rosace(nopos)
257	NA	Rosace(nopos)
258	NA	Rosace(nopos)
259	NA	Rosace(nopos)
260	NA	Rosace(nopos)
261	NA	Rosace(nopos)
262	NA	Rosace(nopos)
263	NA	Rosace(nopos)
264	NA	Rosace(nopos)
265	NA	Rosace(nopos)
266	NA	Rosace(nopos)
267	NA	Rosace(nopos)
268	NA	Rosace(nopos)
269	NA	Rosace(nopos)
270	NA	Rosace(nopos)
271	NA	Rosace(nopos)
272	NA	Rosace(nopos)
273	NA	Rosace(nopos)
274	NA	Rosace(nopos)
275	NA	Rosace(nopos)
276	NA	Rosace(nopos)
277	NA	Rosace(nopos)
278	NA	Rosace(nopos)
279	NA	Rosace(nopos)
280	NA	Rosace(nopos)
281	NA	Rosace(nopos)
282	NA	Rosace(nopos)
283	NA	Rosace(nopos)
284	NA	Rosace(nopos)
285	NA	Rosace(nopos)
286	NA	Rosace(nopos)
287	NA	Rosace(nopos)
288	NA	Rosace(nopos)
289	NA	Rosace(nopos)
290	NA	Rosace(nopos)
291	NA	Rosace(nopos)
292	NA	Rosace(nopos)
293	NA	Rosace(nopos)
294	NA	Rosace(nopos)
295	NA	Rosace(nopos)
296	NA	Rosace(nopos)
297	NA	Rosace(nopos)
298	NA	Rosace(nopos)
299	NA	Rosace(nopos)
300	NA	Rosace(nopos)
301	NA	Rosace(nopos)
302	NA	Rosace(nopos)
303	NA	Rosace(nopos)
304	NA	Rosace(nopos)
305	NA	Rosace(nopos)
306	NA	Rosace(nopos)
307	NA	Rosace(nopos)
308	NA	Rosace(nopos)
309	NA	Rosace(nopos)
310	NA	Rosace(nopos)
311	NA	Rosace(nopos)
312	NA	Rosace(nopos)
313	NA	Rosace(nopos)
314	NA	Rosace(nopos)
315	NA	Rosace(nopos)
316	NA	Rosace(nopos)
317	NA	Rosace(nopos)
318	NA	Rosace(nopos)
319	NA	Rosace(nopos)
320	NA	Rosace(nopos)
321	NA	Rosace(nopos)
322	NA	Rosace(nopos)
323	NA	Rosace(nopos)
324	NA	Rosace(nopos)
325	NA	Rosace(nopos)
326	NA	Rosace(nopos)
327	NA	Rosace(nopos)
328	NA	Rosace(nopos)
329	NA	Rosace(nopos)
330	NA	Rosace(nopos)
331	NA	Rosace(nopos)
332	NA	Rosace(nopos)
333	NA	Rosace(nopos)
334	NA	Rosace(nopos)
335	NA	Rosace(nopos)
336	NA	Rosace(nopos)
337	NA	Rosace(nopos)
338	NA	Rosace(nopos)
339	NA	Rosace(nopos)
340	NA	Rosace(nopos)
341	NA	Rosace(nopos)
342	NA	Rosace(nopos)
343	NA	Rosace(nopos)
344	NA	Rosace(nopos)
345	NA	Rosace(nopos)
346	NA	Rosace(nopos)
347	NA	Rosace(nopos)
348	NA	Rosace(nopos)
349	NA	Rosace(nopos)
350	NA	Rosace(nopos)
351	NA	Rosace(nopos)
352	NA	Rosace(nopos)
353	NA	Rosace(nopos)
354	NA	Rosace(nopos)
355	NA	Rosace(nopos)
356	NA	Rosace(nopos)
357	NA	Rosace(nopos)
358	NA	Rosace(nopos)
359	NA	Rosace(nopos)
360	NA	Rosace(nopos)
361	NA	Rosace(nopos)
362	NA	Rosace(nopos)
363	NA	Rosace(nopos)
364	NA	Rosace(nopos)
365	NA	Rosace(nopos)
366	NA	Rosace(nopos)
367	NA	Rosace(nopos)
368	NA	Rosace(nopos)
369	NA	Rosace(nopos)
370	NA	Rosace(nopos)
371	NA	Rosace(nopos)
372	NA	Rosace(nopos)
373	NA	Rosace(nopos)
374	NA	Rosace(nopos)
375	NA	Rosace(nopos)
376	NA	Rosace(nopos)
377	NA	Rosace(nopos)
378	NA	Rosace(nopos)
379	NA	Rosace(nopos)
380	NA	Rosace(nopos)
381	NA	Rosace(nopos)
382	NA	Rosace(nopos)
383	NA	Rosace(nopos)
384	NA	Rosace(nopos)
385	NA	Rosace(nopos)
386	NA	Rosace(nopos)
387	NA	Rosace(nopos)
388	NA	Rosace(nopos)
389	NA	Rosace(nopos)
390	NA	Rosace(nopos)
391	NA	Rosace(nopos)
392	NA	Rosace(nopos)
393	NA	Rosace(nopos)
394	NA	Rosace(nopos)
395	NA	Rosace(nopos)
396	NA	Rosace(nopos)
397	NA	Rosace(nopos)
398	NA	Rosace(nopos)
399	NA	Rosace(nopos)
400	NA	Rosace(nopos)
401	NA	Rosace(nopos)
402	NA	Rosace(nopos)
403	NA	Rosace(nopos)
404	NA	Rosace(nopos)
405	NA	Rosace(nopos)
406	NA	Rosace(nopos)
407	NA	Rosace(nopos)
408	NA	Rosace(nopos)
409	NA	Rosace(nopos)
410	NA	Rosace(nopos)
411	NA	Rosace(nopos)
412	NA	Rosace(nopos)
413	NA	Rosace(nopos)
414	NA	Rosace(nopos)
415	NA	Rosace(nopos)
416	NA	Rosace(nopos)
417	NA	Rosace(nopos)
418	NA	Rosace(nopos)
419	NA	Rosace(nopos)
420	NA	Rosace(nopos)
421	NA	Rosace(nopos)
422	NA	Rosace(nopos)
423	NA	Rosace(nopos)
424	NA	Rosace(nopos)
425	NA	Rosace(nopos)
426	NA	Rosace(nopos)
427	NA	Rosace(nopos)
428	NA	Rosace(nopos)
429	NA	Rosace(nopos)
430	NA	Rosace(nopos)
431	NA	Rosace(nopos)
432	NA	Rosace(nopos)
433	NA	Rosace(nopos)
434	NA	Rosace(nopos)
435	NA	Rosace(nopos)
436	NA	Rosace(nopos)
437	NA	Rosace(nopos)
438	NA	Rosace(nopos)
439	NA	Rosace(nopos)
440	NA	Rosace(nopos)
441	NA	Rosace(nopos)
442	NA	Rosace(nopos)
443	NA	Rosace(nopos)
444	NA	Rosace(nopos)
445	NA	Rosace(nopos)
446	NA	Rosace(nopos)
447	NA	Rosace(nopos)
448	NA	Rosace(nopos)
449	NA	Rosace(nopos)
450	NA	Rosace(nopos)
451	NA	Rosace(nopos)
452	NA	Rosace(nopos)
453	NA	Rosace(nopos)
454	NA	Rosace(nopos)
455	NA	Rosace(nopos)
456	NA	Rosace(nopos)
457	NA	Rosace(nopos)
458	NA	Rosace(nopos)
459	NA	Rosace(nopos)
460	NA	Rosace(nopos)
461	NA	Rosace(nopos)
462	NA	Rosace(nopos)
463	NA	Rosace(nopos)
464	NA	Rosace(nopos)
465	NA	Rosace(nopos)
466	NA	Rosace(nopos)
467	NA	Rosace(nopos)
468	NA	Rosace(nopos)
469	NA	Rosace(nopos)
470	NA	Rosace(nopos)
471	NA	Rosace(nopos)
472	NA	Rosace(nopos)
473	NA	Rosace(nopos)
474	NA	Rosace(nopos)
475	NA	Rosace(nopos)
476	NA	Rosace(nopos)
477	NA	Rosace(nopos)
478	NA	Rosace(nopos)
479	NA	Rosace(nopos)
480	NA	Rosace(nopos)
481	NA	Rosace(nopos)
482	NA	Rosace(nopos)
483	NA	Rosace(nopos)
484	NA	Rosace(nopos)
485	NA	Rosace(nopos)
486	NA	Rosace(nopos)
487	NA	Rosace(nopos)
488	NA	Rosace(nopos)
489	NA	Rosace(nopos)
490	NA	Rosace(nopos)
491	NA	Rosace(nopos)
492	NA	Rosace(nopos)
493	NA	Rosace(nopos)
494	NA	Rosace(nopos)
495	NA	Rosace(nopos)
496	NA	Rosace(nopos)
497	NA	Rosace(nopos)
498	NA	Rosace(nopos)
499	NA	Rosace(nopos)
500	NA	Rosace(nopos)
1	NA	Naive
2	NA	Naive
3	NA	Naive
4	NA	Naive
5	NA	Naive
6	NA	Naive
7	NA	Naive
8	NA	Naive
9	NA	Naive
10	NA	Naive
11	NA	Naive
12	NA	Naive
13	NA	Naive
14	NA	Naive
15	NA	Naive
16	NA	Naive
17	NA	Naive
18	NA	Naive
19	NA	Naive
20	NA	Naive
21	NA	Naive
22	NA	Naive
23	NA	Naive
24	NA	Naive
25	NA	Naive
26	NA	Naive
27	NA	Naive
28	NA	Naive
29	NA	Naive
30	NA	Naive
31	NA	Naive
32	NA	Naive
33	NA	Naive
34	NA	Naive
35	NA	Naive
36	NA	Naive
37	NA	Naive
38	NA	Naive
39	NA	Naive
40	NA	Naive
41	NA	Naive
42	NA	Naive
43	NA	Naive
44	NA	Naive
45	NA	Naive
46	NA	Naive
47	NA	Naive
48	NA	Naive
49	NA	Naive
50	NA	Naive
51	NA	Naive
52	NA	Naive
53	NA	Naive
54	NA	Naive
55	NA	Naive
56	NA	Naive
57	NA	Naive
58	NA	Naive
59	NA	Naive
60	NA	Naive
61	NA	Naive
62	NA	Naive
63	NA	Naive
64	NA	Naive
65	NA	Naive
66	NA	Naive
67	NA	Naive
68	NA	Naive
69	NA	Naive
70	NA	Naive
71	NA	Naive
72	NA	Naive
73	NA	Naive
74	NA	Naive
75	NA	Naive
76	NA	Naive
77	NA	Naive
78	NA	Naive
79	NA	Naive
80	NA	Naive
81	NA	Naive
82	NA	Naive
83	NA	Naive
84	NA	Naive
85	NA	Naive
86	NA	Naive
87	NA	Naive
88	NA	Naive
89	NA	Naive
90	NA	Naive
91	NA	Naive
92	NA	Naive
93	NA	Naive
94	NA	Naive
95	NA	Naive
96	NA	Naive
97	NA	Naive
98	NA	Naive
99	NA	Naive
100	NA	Naive
101	NA	Naive
102	NA	Naive
103	NA	Naive
104	NA	Naive
105	NA	Naive
106	NA	Naive
107	NA	Naive
108	NA	Naive
109	NA	Naive
110	NA	Naive
111	NA	Naive
112	NA	Naive
113	NA	Naive
114	NA	Naive
115	NA	Naive
116	NA	Naive
117	NA	Naive
118	NA	Naive
119	NA	Naive
120	NA	Naive
121	NA	Naive
122	NA	Naive
123	NA	Naive
124	NA	Naive
125	NA	Naive
126	NA	Naive
127	NA	Naive
128	NA	Naive
129	NA	Naive
130	NA	Naive
131	NA	Naive
132	NA	Naive
133	NA	Naive
134	NA	Naive
135	NA	Naive
136	NA	Naive
137	NA	Naive
138	NA	Naive
139	NA	Naive
140	NA	Naive
141	NA	Naive
142	NA	Naive
143	NA	Naive
144	NA	Naive
145	NA	Naive
146	NA	Naive
147	NA	Naive
148	NA	Naive
149	NA	Naive
150	NA	Naive
151	NA	Naive
152	NA	Naive
153	NA	Naive
154	NA	Naive
155	NA	Naive
156	NA	Naive
157	NA	Naive
158	NA	Naive
159	NA	Naive
160	NA	Naive
161	NA	Naive
162	NA	Naive
163	NA	Naive
164	NA	Naive
165	NA	Naive
166	NA	Naive
167	NA	Naive
168	NA	Naive
169	NA	Naive
170	NA	Naive
171	NA	Naive
172	NA	Naive
173	NA	Naive
174	NA	Naive
175	NA	Naive
176	NA	Naive
177	NA	Naive
178	NA	Naive
179	NA	Naive
180	NA	Naive
181	NA	Naive
182	NA	Naive
183	NA	Naive
184	NA	Naive
185	NA	Naive
186	NA	Naive
187	NA	Naive
188	NA	Naive
189	NA	Naive
190	NA	Naive
191	NA	Naive
192	NA	Naive
193	NA	Naive
194	NA	Naive
195	NA	Naive
196	NA	Naive
197	NA	Naive
198	NA	Naive
199	NA	Naive
200	NA	Naive
201	NA	Naive
202	NA	Naive
203	NA	Naive
204	NA	Naive
205	NA	Naive
206	NA	Naive
207	NA	Naive
208	NA	Naive
209	NA	Naive
210	NA	Naive
211	NA	Naive
212	NA	Naive
213	NA	Naive
214	NA	Naive
215	NA	Naive
216	NA	Naive
217	NA	Naive
218	NA	Naive
219	NA	Naive
220	NA	Naive
221	NA	Naive
222	NA	Naive
223	NA	Naive
224	NA	Naive
225	NA	Naive
226	NA	Naive
227	NA	Naive
228	NA	Naive
229	NA	Naive
230	NA	Naive
231	NA	Naive
232	NA	Naive
233	NA	Naive
234	NA	Naive
235	NA	Naive
236	NA	Naive
237	NA	Naive
238	NA	Naive
239	NA	Naive
240	NA	Naive
241	NA	Naive
242	NA	Naive
243	NA	Naive
244	NA	Naive
245	NA	Naive
246	NA	Naive
247	NA	Naive
248	NA	Naive
249	NA	Naive
250	NA	Naive
251	NA	Naive
252	NA	Naive
253	NA	Naive
254	NA	Naive
255	NA	Naive
256	NA	Naive
257	NA	Naive
258	NA	Naive
259	NA	Naive
260	NA	Naive
261	NA	Naive
262	NA	Naive
263	NA	Naive
264	NA	Naive
265	NA	Naive
266	NA	Naive
267	NA	Naive
268	NA	Naive
269	NA	Naive
270	NA	Naive
271	NA	Naive
272	NA	Naive
273	NA	Naive
274	NA	Naive
275	NA	Naive
276	NA	Naive
277	NA	Naive
278	NA	Naive
279	NA	Naive
280	NA	Naive
281	NA	Naive
282	NA	Naive
283	NA	Naive
284	NA	Naive
285	NA	Naive
286	NA	Naive
287	NA	Naive
288	NA	Naive
289	NA	Naive
290	NA	Naive
291	NA	Naive
292	NA	Naive
293	NA	Naive
294	NA	Naive
295	NA	Naive
296	NA	Naive
297	NA	Naive
298	NA	Naive
299	NA	Naive
300	NA	Naive
301	NA	Naive
302	NA	Naive
303	NA	Naive
304	NA	Naive
305	NA	Naive
306	NA	Naive
307	NA	Naive
308	NA	Naive
309	NA	Naive
310	NA	Naive
311	NA	Naive
312	NA	Naive
313	NA	Naive
314	NA	Naive
315	NA	Naive
316	NA	Naive
317	NA	Naive
318	NA	Naive
319	NA	Naive
320	NA	Naive
321	NA	Naive
322	NA	Naive
323	NA	Naive
324	NA	Naive
325	NA	Naive
326	NA	Naive
327	NA	Naive
328	NA	Naive
329	NA	Naive
330	NA	Naive
331	NA	Naive
332	NA	Naive
333	NA	Naive
334	NA	Naive
335	NA	Naive
336	NA	Naive
337	NA	Naive
338	NA	Naive
339	NA	Naive
340	NA	Naive
341	NA	Naive
342	NA	Naive
343	NA	Naive
344	NA	Naive
345	NA	Naive
346	NA	Naive
347	NA	Naive
348	NA	Naive
349	NA	Naive
350	NA	Naive
351	NA	Naive
352	NA	Naive
353	NA	Naive
354	NA	Naive
355	NA	Naive
356	NA	Naive
357	NA	Naive
358	NA	Naive
359	NA	Naive
360	NA	Naive
361	NA	Naive
362	NA	Naive
363	NA	Naive
364	NA	Naive
365	NA	Naive
366	NA	Naive
367	NA	Naive
368	NA	Naive
369	NA	Naive
370	NA	Naive
371	NA	Naive
372	NA	Naive
373	NA	Naive
374	NA	Naive
375	NA	Naive
376	NA	Naive
377	NA	Naive
378	NA	Naive
379	NA	Naive
380	NA	Naive
381	NA	Naive
382	NA	Naive
383	NA	Naive
384	NA	Naive
385	NA	Naive
386	NA	Naive
387	NA	Naive
388	NA	Naive
389	NA	Naive
390	NA	Naive
391	NA	Naive
392	NA	Naive
393	NA	Naive
394	NA	Naive
395	NA	Naive
396	NA	Naive
397	NA	Naive
398	NA	Naive
399	NA	Naive
400	NA	Naive
401	NA	Naive
402	NA	Naive
403	NA	Naive
404	NA	Naive
405	NA	Naive
406	NA	Naive
407	NA	Naive
408	NA	Naive
409	NA	Naive
410	NA	Naive
411	NA	Naive
412	NA	Naive
413	NA	Naive
414	NA	Naive
415	NA	Naive
416	NA	Naive
417	NA	Naive
418	NA	Naive
419	NA	Naive
420	NA	Naive
421	NA	Naive
422	NA	Naive
423	NA	Naive
424	NA	Naive
425	NA	Naive
426	NA	Naive
427	NA	Naive
428	NA	Naive
429	NA	Naive
430	NA	Naive
431	NA	Naive
432	NA	Naive
433	NA	Naive
434	NA	Naive
435	NA	Naive
436	NA	Naive
437	NA	Naive
438	NA	Naive
439	NA	Naive
440	NA	Naive
441	NA	Naive
442	NA	Naive
443	NA	Naive
444	NA	Naive
445	NA	Naive
446	NA	Naive
447	NA	Naive
448	NA	Naive
449	NA	Naive
450	NA	Naive
451	NA	Naive
452	NA	Naive
453	NA	Naive
454	NA	Naive
455	NA	Naive
456	NA	Naive
457	NA	Naive
458	NA	Naive
459	NA	Naive
460	NA	Naive
461	NA	Naive
462	NA	Naive
463	NA	Naive
464	NA	Naive
465	NA	Naive
466	NA	Naive
467	NA	Naive
468	NA	Naive
469	NA	Naive
470	NA	Naive
471	NA	Naive
472	NA	Naive
473	NA	Naive
474	NA	Naive
475	NA	Naive
476	NA	Naive
477	NA	Naive
478	NA	Naive
479	NA	Naive
480	NA	Naive
481	NA	Naive
482	NA	Naive
483	NA	Naive
484	NA	Naive
485	NA	Naive
486	NA	Naive
487	NA	Naive
488	NA	Naive
489	NA	Naive
490	NA	Naive
491	NA	Naive
492	NA	Naive
493	NA	Naive
494	NA	Naive
495	NA	Naive
496	NA	Naive
497	NA	Naive
498	NA	Naive
499	NA	Naive
500	NA	Naive
1	NA	mutscan(edgeR)
2	NA	mutscan(edgeR)
3	NA	mutscan(edgeR)
4	NA	mutscan(edgeR)
5	NA	mutscan(edgeR)
6	NA	mutscan(edgeR)
7	NA	mutscan(edgeR)
8	NA	mutscan(edgeR)
9	NA	mutscan(edgeR)
10	NA	mutscan(edgeR)
11	NA	mutscan(edgeR)
12	NA	mutscan(edgeR)
13	NA	mutscan(edgeR)
14	NA	mutscan(edgeR)
15	NA	mutscan(edgeR)
16	NA	mutscan(edgeR)
17	NA	mutscan(edgeR)
18	NA	mutscan(edgeR)
19	NA	mutscan(edgeR)
20	NA	mutscan(edgeR)
21	NA	mutscan(edgeR)
22	NA	mutscan(edgeR)
23	NA	mutscan(edgeR)
24	NA	mutscan(edgeR)
25	NA	mutscan(edgeR)
26	NA	mutscan(edgeR)
27	NA	mutscan(edgeR)
28	NA	mutscan(edgeR)
29	NA	mutscan(edgeR)
30	NA	mutscan(edgeR)
31	NA	mutscan(edgeR)
32	NA	mutscan(edgeR)
33	NA	mutscan(edgeR)
34	NA	mutscan(edgeR)
35	NA	mutscan(edgeR)
36	NA	mutscan(edgeR)
37	NA	mutscan(edgeR)
38	NA	mutscan(edgeR)
39	NA	mutscan(edgeR)
40	NA	mutscan(edgeR)
41	NA	mutscan(edgeR)
42	NA	mutscan(edgeR)
43	NA	mutscan(edgeR)
44	NA	mutscan(edgeR)
45	NA	mutscan(edgeR)
46	NA	mutscan(edgeR)
47	NA	mutscan(edgeR)
48	NA	mutscan(edgeR)
49	NA	mutscan(edgeR)
50	NA	mutscan(edgeR)
51	NA	mutscan(edgeR)
52	NA	mutscan(edgeR)
53	NA	mutscan(edgeR)
54	NA	mutscan(edgeR)
55	NA	mutscan(edgeR)
56	NA	mutscan(edgeR)
57	NA	mutscan(edgeR)
58	NA	mutscan(edgeR)
59	NA	mutscan(edgeR)
60	NA	mutscan(edgeR)
61	NA	mutscan(edgeR)
62	NA	mutscan(edgeR)
63	NA	mutscan(edgeR)
64	NA	mutscan(edgeR)
65	NA	mutscan(edgeR)
66	NA	mutscan(edgeR)
67	NA	mutscan(edgeR)
68	NA	mutscan(edgeR)
69	NA	mutscan(edgeR)
70	NA	mutscan(edgeR)
71	NA	mutscan(edgeR)
72	NA	mutscan(edgeR)
73	NA	mutscan(edgeR)
74	NA	mutscan(edgeR)
75	NA	mutscan(edgeR)
76	NA	mutscan(edgeR)
77	NA	mutscan(edgeR)
78	NA	mutscan(edgeR)
79	NA	mutscan(edgeR)
80	NA	mutscan(edgeR)
81	NA	mutscan(edgeR)
82	NA	mutscan(edgeR)
83	NA	mutscan(edgeR)
84	NA	mutscan(edgeR)
85	NA	mutscan(edgeR)
86	NA	mutscan(edgeR)
87	NA	mutscan(edgeR)
88	NA	mutscan(edgeR)
89	NA	mutscan(edgeR)
90	NA	mutscan(edgeR)
91	NA	mutscan(edgeR)
92	NA	mutscan(edgeR)
93	NA	mutscan(edgeR)
94	NA	mutscan(edgeR)
95	NA	mutscan(edgeR)
96	NA	mutscan(edgeR)
97	NA	mutscan(edgeR)
98	NA	mutscan(edgeR)
99	NA	mutscan(edgeR)
100	NA	mutscan(edgeR)
101	NA	mutscan(edgeR)
102	NA	mutscan(edgeR)
103	NA	mutscan(edgeR)
104	NA	mutscan(edgeR)
105	NA	mutscan(edgeR)
106	NA	mutscan(edgeR)
107	NA	mutscan(edgeR)
108	NA	mutscan(edgeR)
109	NA	mutscan(edgeR)
110	NA	mutscan(edgeR)
111	NA	mutscan(edgeR)
112	NA	mutscan(edgeR)
113	NA	mutscan(edgeR)
114	NA	mutscan(edgeR)
115	NA	mutscan(edgeR)
116	NA	mutscan(edgeR)
117	NA	mutscan(edgeR)
118	NA	mutscan(edgeR)
119	NA	mutscan(edgeR)
120	NA	mutscan(edgeR)
121	NA	mutscan(edgeR)
122	NA	mutscan(edgeR)
123	NA	mutscan(edgeR)
124	NA	mutscan(edgeR)
125	NA	mutscan(edgeR)
126	NA	mutscan(edgeR)
127	NA	mutscan(edgeR)
128	NA	mutscan(edgeR)
129	NA	mutscan(edgeR)
130	NA	mutscan(edgeR)
131	NA	mutscan(edgeR)
132	NA	mutscan(edgeR)
133	NA	mutscan(edgeR)
134	NA	mutscan(edgeR)
135	NA	mutscan(edgeR)
136	NA	mutscan(edgeR)
137	NA	mutscan(edgeR)
138	NA	mutscan(edgeR)
139	NA	mutscan(edgeR)
140	NA	mutscan(edgeR)
141	NA	mutscan(edgeR)
142	NA	mutscan(edgeR)
143	NA	mutscan(edgeR)
144	NA	mutscan(edgeR)
145	NA	mutscan(edgeR)
146	NA	mutscan(edgeR)
147	NA	mutscan(edgeR)
148	NA	mutscan(edgeR)
149	NA	mutscan(edgeR)
150	NA	mutscan(edgeR)
151	NA	mutscan(edgeR)
152	NA	mutscan(edgeR)
153	NA	mutscan(edgeR)
154	NA	mutscan(edgeR)
155	NA	mutscan(edgeR)
156	NA	mutscan(edgeR)
157	NA	mutscan(edgeR)
158	NA	mutscan(edgeR)
159	NA	mutscan(edgeR)
160	NA	mutscan(edgeR)
161	NA	mutscan(edgeR)
162	NA	mutscan(edgeR)
163	NA	mutscan(edgeR)
164	NA	mutscan(edgeR)
165	NA	mutscan(edgeR)
166	NA	mutscan(edgeR)
167	NA	mutscan(edgeR)
168	NA	mutscan(edgeR)
169	NA	mutscan(edgeR)
170	NA	mutscan(edgeR)
171	NA	mutscan(edgeR)
172	NA	mutscan(edgeR)
173	NA	mutscan(edgeR)
174	NA	mutscan(edgeR)
175	NA	mutscan(edgeR)
176	NA	mutscan(edgeR)
177	NA	mutscan(edgeR)
178	NA	mutscan(edgeR)
179	NA	mutscan(edgeR)
180	NA	mutscan(edgeR)
181	NA	mutscan(edgeR)
182	NA	mutscan(edgeR)
183	NA	mutscan(edgeR)
184	NA	mutscan(edgeR)
185	NA	mutscan(edgeR)
186	NA	mutscan(edgeR)
187	NA	mutscan(edgeR)
188	NA	mutscan(edgeR)
189	NA	mutscan(edgeR)
190	NA	mutscan(edgeR)
191	NA	mutscan(edgeR)
192	NA	mutscan(edgeR)
193	NA	mutscan(edgeR)
194	NA	mutscan(edgeR)
195	NA	mutscan(edgeR)
196	NA	mutscan(edgeR)
197	NA	mutscan(edgeR)
198	NA	mutscan(edgeR)
199	NA	mutscan(edgeR)
200	NA	mutscan(edgeR)
201	NA	mutscan(edgeR)
202	NA	mutscan(edgeR)
203	NA	mutscan(edgeR)
204	NA	mutscan(edgeR)
205	NA	mutscan(edgeR)
206	NA	mutscan(edgeR)
207	NA	mutscan(edgeR)
208	NA	mutscan(edgeR)
209	NA	mutscan(edgeR)
210	NA	mutscan(edgeR)
211	NA	mutscan(edgeR)
212	NA	mutscan(edgeR)
213	NA	mutscan(edgeR)
214	NA	mutscan(edgeR)
215	NA	mutscan(edgeR)
216	NA	mutscan(edgeR)
217	NA	mutscan(edgeR)
218	NA	mutscan(edgeR)
219	NA	mutscan(edgeR)
220	NA	mutscan(edgeR)
221	NA	mutscan(edgeR)
222	NA	mutscan(edgeR)
223	NA	mutscan(edgeR)
224	NA	mutscan(edgeR)
225	NA	mutscan(edgeR)
226	NA	mutscan(edgeR)
227	NA	mutscan(edgeR)
228	NA	mutscan(edgeR)
229	NA	mutscan(edgeR)
230	NA	mutscan(edgeR)
231	NA	mutscan(edgeR)
232	NA	mutscan(edgeR)
233	NA	mutscan(edgeR)
234	NA	mutscan(edgeR)
235	NA	mutscan(edgeR)
236	NA	mutscan(edgeR)
237	NA	mutscan(edgeR)
238	NA	mutscan(edgeR)
239	NA	mutscan(edgeR)
240	NA	mutscan(edgeR)
241	NA	mutscan(edgeR)
242	NA	mutscan(edgeR)
243	NA	mutscan(edgeR)
244	NA	mutscan(edgeR)
245	NA	mutscan(edgeR)
246	NA	mutscan(edgeR)
247	NA	mutscan(edgeR)
248	NA	mutscan(edgeR)
249	NA	mutscan(edgeR)
250	NA	mutscan(edgeR)
251	NA	mutscan(edgeR)
252	NA	mutscan(edgeR)
253	NA	mutscan(edgeR)
254	NA	mutscan(edgeR)
255	NA	mutscan(edgeR)
256	NA	mutscan(edgeR)
257	NA	mutscan(edgeR)
258	NA	mutscan(edgeR)
259	NA	mutscan(edgeR)
260	NA	mutscan(edgeR)
261	NA	mutscan(edgeR)
262	NA	mutscan(edgeR)
263	NA	mutscan(edgeR)
264	NA	mutscan(edgeR)
265	NA	mutscan(edgeR)
266	NA	mutscan(edgeR)
267	NA	mutscan(edgeR)
268	NA	mutscan(edgeR)
269	NA	mutscan(edgeR)
270	NA	mutscan(edgeR)
271	NA	mutscan(edgeR)
272	NA	mutscan(edgeR)
273	NA	mutscan(edgeR)
274	NA	mutscan(edgeR)
275	NA	mutscan(edgeR)
276	NA	mutscan(edgeR)
277	NA	mutscan(edgeR)
278	NA	mutscan(edgeR)
279	NA	mutscan(edgeR)
280	NA	mutscan(edgeR)
281	NA	mutscan(edgeR)
282	NA	mutscan(edgeR)
283	NA	mutscan(edgeR)
284	NA	mutscan(edgeR)
285	NA	mutscan(edgeR)
286	NA	mutscan(edgeR)
287	NA	mutscan(edgeR)
288	NA	mutscan(edgeR)
289	NA	mutscan(edgeR)
290	NA	mutscan(edgeR)
291	NA	mutscan(edgeR)
292	NA	mutscan(edgeR)
293	NA	mutscan(edgeR)
294	NA	mutscan(edgeR)
295	NA	mutscan(edgeR)
296	NA	mutscan(edgeR)
297	NA	mutscan(edgeR)
298	NA	mutscan(edgeR)
299	NA	mutscan(edgeR)
300	NA	mutscan(edgeR)
301	NA	mutscan(edgeR)
302	NA	mutscan(edgeR)
303	NA	mutscan(edgeR)
304	NA	mutscan(edgeR)
305	NA	mutscan(edgeR)
306	NA	mutscan(edgeR)
307	NA	mutscan(edgeR)
308	NA	mutscan(edgeR)
309	NA	mutscan(edgeR)
310	NA	mutscan(edgeR)
311	NA	mutscan(edgeR)
312	NA	mutscan(edgeR)
313	NA	mutscan(edgeR)
314	NA	mutscan(edgeR)
315	NA	mutscan(edgeR)
316	NA	mutscan(edgeR)
317	NA	mutscan(edgeR)
318	NA	mutscan(edgeR)
319	NA	mutscan(edgeR)
320	NA	mutscan(edgeR)
321	NA	mutscan(edgeR)
322	NA	mutscan(edgeR)
323	NA	mutscan(edgeR)
324	NA	mutscan(edgeR)
325	NA	mutscan(edgeR)
326	NA	mutscan(edgeR)
327	NA	mutscan(edgeR)
328	NA	mutscan(edgeR)
329	NA	mutscan(edgeR)
330	NA	mutscan(edgeR)
331	NA	mutscan(edgeR)
332	NA	mutscan(edgeR)
333	NA	mutscan(edgeR)
334	NA	mutscan(edgeR)
335	NA	mutscan(edgeR)
336	NA	mutscan(edgeR)
337	NA	mutscan(edgeR)
338	NA	mutscan(edgeR)
339	NA	mutscan(edgeR)
340	NA	mutscan(edgeR)
341	NA	mutscan(edgeR)
342	NA	mutscan(edgeR)
343	NA	mutscan(edgeR)
344	NA	mutscan(edgeR)
345	NA	mutscan(edgeR)
346	NA	mutscan(edgeR)
347	NA	mutscan(edgeR)
348	NA	mutscan(edgeR)
349	NA	mutscan(edgeR)
350	NA	mutscan(edgeR)
351	NA	mutscan(edgeR)
352	NA	mutscan(edgeR)
353	NA	mutscan(edgeR)
354	NA	mutscan(edgeR)
355	NA	mutscan(edgeR)
356	NA	mutscan(edgeR)
357	NA	mutscan(edgeR)
358	NA	mutscan(edgeR)
359	NA	mutscan(edgeR)
360	NA	mutscan(edgeR)
361	NA	mutscan(edgeR)
362	NA	mutscan(edgeR)
363	NA	mutscan(edgeR)
364	NA	mutscan(edgeR)
365	NA	mutscan(edgeR)
366	NA	mutscan(edgeR)
367	NA	mutscan(edgeR)
368	NA	mutscan(edgeR)
369	NA	mutscan(edgeR)
370	NA	mutscan(edgeR)
371	NA	mutscan(edgeR)
372	NA	mutscan(edgeR)
373	NA	mutscan(edgeR)
374	NA	mutscan(edgeR)
375	NA	mutscan(edgeR)
376	NA	mutscan(edgeR)
377	NA	mutscan(edgeR)
378	NA	mutscan(edgeR)
379	NA	mutscan(edgeR)
380	NA	mutscan(edgeR)
381	NA	mutscan(edgeR)
382	NA	mutscan(edgeR)
383	NA	mutscan(edgeR)
384	NA	mutscan(edgeR)
385	NA	mutscan(edgeR)
386	NA	mutscan(edgeR)
387	NA	mutscan(edgeR)
388	NA	mutscan(edgeR)
389	NA	mutscan(edgeR)
390	NA	mutscan(edgeR)
391	NA	mutscan(edgeR)
392	NA	mutscan(edgeR)
393	NA	mutscan(edgeR)
394	NA	mutscan(edgeR)
395	NA	mutscan(edgeR)
396	NA	mutscan(edgeR)
397	NA	mutscan(edgeR)
398	NA	mutscan(edgeR)
399	NA	mutscan(edgeR)
400	NA	mutscan(edgeR)
401	NA	mutscan(edgeR)
402	NA	mutscan(edgeR)
403	NA	mutscan(edgeR)
404	NA	mutscan(edgeR)
405	NA	mutscan(edgeR)
406	NA	mutscan(edgeR)
407	NA	mutscan(edgeR)
408	NA	mutscan(edgeR)
409	NA	mutscan(edgeR)
410	NA	mutscan(edgeR)
411	NA	mutscan(edgeR)
412	NA	mutscan(edgeR)
413	NA	mutscan(edgeR)
414	NA	mutscan(edgeR)
415	NA	mutscan(edgeR)
416	NA	mutscan(edgeR)
417	NA	mutscan(edgeR)
418	NA	mutscan(edgeR)
419	NA	mutscan(edgeR)
420	NA	mutscan(edgeR)
421	NA	mutscan(edgeR)
422	NA	mutscan(edgeR)
423	NA	mutscan(edgeR)
424	NA	mutscan(edgeR)
425	NA	mutscan(edgeR)
426	NA	mutscan(edgeR)
427	NA	mutscan(edgeR)
428	NA	mutscan(edgeR)
429	NA	mutscan(edgeR)
430	NA	mutscan(edgeR)
431	NA	mutscan(edgeR)
432	NA	mutscan(edgeR)
433	NA	mutscan(edgeR)
434	NA	mutscan(edgeR)
435	NA	mutscan(edgeR)
436	NA	mutscan(edgeR)
437	NA	mutscan(edgeR)
438	NA	mutscan(edgeR)
439	NA	mutscan(edgeR)
440	NA	mutscan(edgeR)
441	NA	mutscan(edgeR)
442	NA	mutscan(edgeR)
443	NA	mutscan(edgeR)
444	NA	mutscan(edgeR)
445	NA	mutscan(edgeR)
446	NA	mutscan(edgeR)
447	NA	mutscan(edgeR)
448	NA	mutscan(edgeR)
449	NA	mutscan(edgeR)
450	NA	mutscan(edgeR)
451	NA	mutscan(edgeR)
452	NA	mutscan(edgeR)
453	NA	mutscan(edgeR)
454	NA	mutscan(edgeR)
455	NA	mutscan(edgeR)
456	NA	mutscan(edgeR)
457	NA	mutscan(edgeR)
458	NA	mutscan(edgeR)
459	NA	mutscan(edgeR)
460	NA	mutscan(edgeR)
461	NA	mutscan(edgeR)
462	NA	mutscan(edgeR)
463	NA	mutscan(edgeR)
464	NA	mutscan(edgeR)
465	NA	mutscan(edgeR)
466	NA	mutscan(edgeR)
467	NA	mutscan(edgeR)
468	NA	mutscan(edgeR)
469	NA	mutscan(edgeR)
470	NA	mutscan(edgeR)
471	NA	mutscan(edgeR)
472	NA	mutscan(edgeR)
473	NA	mutscan(edgeR)
474	NA	mutscan(edgeR)
475	NA	mutscan(edgeR)
476	NA	mutscan(edgeR)
477	NA	mutscan(edgeR)
478	NA	mutscan(edgeR)
479	NA	mutscan(edgeR)
480	NA	mutscan(edgeR)
481	NA	mutscan(edgeR)
482	NA	mutscan(edgeR)
483	NA	mutscan(edgeR)
484	NA	mutscan(edgeR)
485	NA	mutscan(edgeR)
486	NA	mutscan(edgeR)
487	NA	mutscan(edgeR)
488	NA	mutscan(edgeR)
489	NA	mutscan(edgeR)
490	NA	mutscan(edgeR)
491	NA	mutscan(edgeR)
492	NA	mutscan(edgeR)
493	NA	mutscan(edgeR)
494	NA	mutscan(edgeR)
495	NA	mutscan(edgeR)
496	NA	mutscan(edgeR)
497	NA	mutscan(edgeR)
498	NA	mutscan(edgeR)
499	NA	mutscan(edgeR)
500	NA	mutscan(edgeR)
1	NA	mutscan(limma)
2	NA	mutscan(limma)
3	NA	mutscan(limma)
4	NA	mutscan(limma)
5	NA	mutscan(limma)
6	NA	mutscan(limma)
7	NA	mutscan(limma)
8	NA	mutscan(limma)
9	NA	mutscan(limma)
10	NA	mutscan(limma)
11	NA	mutscan(limma)
12	NA	mutscan(limma)
13	NA	mutscan(limma)
14	NA	mutscan(limma)
15	NA	mutscan(limma)
16	NA	mutscan(limma)
17	NA	mutscan(limma)
18	NA	mutscan(limma)
19	NA	mutscan(limma)
20	NA	mutscan(limma)
21	NA	mutscan(limma)
22	NA	mutscan(limma)
23	NA	mutscan(limma)
24	NA	mutscan(limma)
25	NA	mutscan(limma)
26	NA	mutscan(limma)
27	NA	mutscan(limma)
28	NA	mutscan(limma)
29	NA	mutscan(limma)
30	NA	mutscan(limma)
31	NA	mutscan(limma)
32	NA	mutscan(limma)
33	NA	mutscan(limma)
34	NA	mutscan(limma)
35	NA	mutscan(limma)
36	NA	mutscan(limma)
37	NA	mutscan(limma)
38	NA	mutscan(limma)
39	NA	mutscan(limma)
40	NA	mutscan(limma)
41	NA	mutscan(limma)
42	NA	mutscan(limma)
43	NA	mutscan(limma)
44	NA	mutscan(limma)
45	NA	mutscan(limma)
46	NA	mutscan(limma)
47	NA	mutscan(limma)
48	NA	mutscan(limma)
49	NA	mutscan(limma)
50	NA	mutscan(limma)
51	NA	mutscan(limma)
52	NA	mutscan(limma)
53	NA	mutscan(limma)
54	NA	mutscan(limma)
55	NA	mutscan(limma)
56	NA	mutscan(limma)
57	NA	mutscan(limma)
58	NA	mutscan(limma)
59	NA	mutscan(limma)
60	NA	mutscan(limma)
61	NA	mutscan(limma)
62	NA	mutscan(limma)
63	NA	mutscan(limma)
64	NA	mutscan(limma)
65	NA	mutscan(limma)
66	NA	mutscan(limma)
67	NA	mutscan(limma)
68	NA	mutscan(limma)
69	NA	mutscan(limma)
70	NA	mutscan(limma)
71	NA	mutscan(limma)
72	NA	mutscan(limma)
73	NA	mutscan(limma)
74	NA	mutscan(limma)
75	NA	mutscan(limma)
76	NA	mutscan(limma)
77	NA	mutscan(limma)
78	NA	mutscan(limma)
79	NA	mutscan(limma)
80	NA	mutscan(limma)
81	NA	mutscan(limma)
82	NA	mutscan(limma)
83	NA	mutscan(limma)
84	NA	mutscan(limma)
85	NA	mutscan(limma)
86	NA	mutscan(limma)
87	NA	mutscan(limma)
88	NA	mutscan(limma)
89	NA	mutscan(limma)
90	NA	mutscan(limma)
91	NA	mutscan(limma)
92	NA	mutscan(limma)
93	NA	mutscan(limma)
94	NA	mutscan(limma)
95	NA	mutscan(limma)
96	NA	mutscan(limma)
97	NA	mutscan(limma)
98	NA	mutscan(limma)
99	NA	mutscan(limma)
100	NA	mutscan(limma)
101	NA	mutscan(limma)
102	NA	mutscan(limma)
103	NA	mutscan(limma)
104	NA	mutscan(limma)
105	NA	mutscan(limma)
106	NA	mutscan(limma)
107	NA	mutscan(limma)
108	NA	mutscan(limma)
109	NA	mutscan(limma)
110	NA	mutscan(limma)
111	NA	mutscan(limma)
112	NA	mutscan(limma)
113	NA	mutscan(limma)
114	NA	mutscan(limma)
115	NA	mutscan(limma)
116	NA	mutscan(limma)
117	NA	mutscan(limma)
118	NA	mutscan(limma)
119	NA	mutscan(limma)
120	NA	mutscan(limma)
121	NA	mutscan(limma)
122	NA	mutscan(limma)
123	NA	mutscan(limma)
124	NA	mutscan(limma)
125	NA	mutscan(limma)
126	NA	mutscan(limma)
127	NA	mutscan(limma)
128	NA	mutscan(limma)
129	NA	mutscan(limma)
130	NA	mutscan(limma)
131	NA	mutscan(limma)
132	NA	mutscan(limma)
133	NA	mutscan(limma)
134	NA	mutscan(limma)
135	NA	mutscan(limma)
136	NA	mutscan(limma)
137	NA	mutscan(limma)
138	NA	mutscan(limma)
139	NA	mutscan(limma)
140	NA	mutscan(limma)
141	NA	mutscan(limma)
142	NA	mutscan(limma)
143	NA	mutscan(limma)
144	NA	mutscan(limma)
145	NA	mutscan(limma)
146	NA	mutscan(limma)
147	NA	mutscan(limma)
148	NA	mutscan(limma)
149	NA	mutscan(limma)
150	NA	mutscan(limma)
151	NA	mutscan(limma)
152	NA	mutscan(limma)
153	NA	mutscan(limma)
154	NA	mutscan(limma)
155	NA	mutscan(limma)
156	NA	mutscan(limma)
157	NA	mutscan(limma)
158	NA	mutscan(limma)
159	NA	mutscan(limma)
160	NA	mutscan(limma)
161	NA	mutscan(limma)
162	NA	mutscan(limma)
163	NA	mutscan(limma)
164	NA	mutscan(limma)
165	NA	mutscan(limma)
166	NA	mutscan(limma)
167	NA	mutscan(limma)
168	NA	mutscan(limma)
169	NA	mutscan(limma)
170	NA	mutscan(limma)
171	NA	mutscan(limma)
172	NA	mutscan(limma)
173	NA	mutscan(limma)
174	NA	mutscan(limma)
175	NA	mutscan(limma)
176	NA	mutscan(limma)
177	NA	mutscan(limma)
178	NA	mutscan(limma)
179	NA	mutscan(limma)
180	NA	mutscan(limma)
181	NA	mutscan(limma)
182	NA	mutscan(limma)
183	NA	mutscan(limma)
184	NA	mutscan(limma)
185	NA	mutscan(limma)
186	NA	mutscan(limma)
187	NA	mutscan(limma)
188	NA	mutscan(limma)
189	NA	mutscan(limma)
190	NA	mutscan(limma)
191	NA	mutscan(limma)
192	NA	mutscan(limma)
193	NA	mutscan(limma)
194	NA	mutscan(limma)
195	NA	mutscan(limma)
196	NA	mutscan(limma)
197	NA	mutscan(limma)
198	NA	mutscan(limma)
199	NA	mutscan(limma)
200	NA	mutscan(limma)
201	NA	mutscan(limma)
202	NA	mutscan(limma)
203	NA	mutscan(limma)
204	NA	mutscan(limma)
205	NA	mutscan(limma)
206	NA	mutscan(limma)
207	NA	mutscan(limma)
208	NA	mutscan(limma)
209	NA	mutscan(limma)
210	NA	mutscan(limma)
211	NA	mutscan(limma)
212	NA	mutscan(limma)
213	NA	mutscan(limma)
214	NA	mutscan(limma)
215	NA	mutscan(limma)
216	NA	mutscan(limma)
217	NA	mutscan(limma)
218	NA	mutscan(limma)
219	NA	mutscan(limma)
220	NA	mutscan(limma)
221	NA	mutscan(limma)
222	NA	mutscan(limma)
223	NA	mutscan(limma)
224	NA	mutscan(limma)
225	NA	mutscan(limma)
226	NA	mutscan(limma)
227	NA	mutscan(limma)
228	NA	mutscan(limma)
229	NA	mutscan(limma)
230	NA	mutscan(limma)
231	NA	mutscan(limma)
232	NA	mutscan(limma)
233	NA	mutscan(limma)
234	NA	mutscan(limma)
235	NA	mutscan(limma)
236	NA	mutscan(limma)
237	NA	mutscan(limma)
238	NA	mutscan(limma)
239	NA	mutscan(limma)
240	NA	mutscan(limma)
241	NA	mutscan(limma)
242	NA	mutscan(limma)
243	NA	mutscan(limma)
244	NA	mutscan(limma)
245	NA	mutscan(limma)
246	NA	mutscan(limma)
247	NA	mutscan(limma)
248	NA	mutscan(limma)
249	NA	mutscan(limma)
250	NA	mutscan(limma)
251	NA	mutscan(limma)
252	NA	mutscan(limma)
253	NA	mutscan(limma)
254	NA	mutscan(limma)
255	NA	mutscan(limma)
256	NA	mutscan(limma)
257	NA	mutscan(limma)
258	NA	mutscan(limma)
259	NA	mutscan(limma)
260	NA	mutscan(limma)
261	NA	mutscan(limma)
262	NA	mutscan(limma)
263	NA	mutscan(limma)
264	NA	mutscan(limma)
265	NA	mutscan(limma)
266	NA	mutscan(limma)
267	NA	mutscan(limma)
268	NA	mutscan(limma)
269	NA	mutscan(limma)
270	NA	mutscan(limma)
271	NA	mutscan(limma)
272	NA	mutscan(limma)
273	NA	mutscan(limma)
274	NA	mutscan(limma)
275	NA	mutscan(limma)
276	NA	mutscan(limma)
277	NA	mutscan(limma)
278	NA	mutscan(limma)
279	NA	mutscan(limma)
280	NA	mutscan(limma)
281	NA	mutscan(limma)
282	NA	mutscan(limma)
283	NA	mutscan(limma)
284	NA	mutscan(limma)
285	NA	mutscan(limma)
286	NA	mutscan(limma)
287	NA	mutscan(limma)
288	NA	mutscan(limma)
289	NA	mutscan(limma)
290	NA	mutscan(limma)
291	NA	mutscan(limma)
292	NA	mutscan(limma)
293	NA	mutscan(limma)
294	NA	mutscan(limma)
295	NA	mutscan(limma)
296	NA	mutscan(limma)
297	NA	mutscan(limma)
298	NA	mutscan(limma)
299	NA	mutscan(limma)
300	NA	mutscan(limma)
301	NA	mutscan(limma)
302	NA	mutscan(limma)
303	NA	mutscan(limma)
304	NA	mutscan(limma)
305	NA	mutscan(limma)
306	NA	mutscan(limma)
307	NA	mutscan(limma)
308	NA	mutscan(limma)
309	NA	mutscan(limma)
310	NA	mutscan(limma)
311	NA	mutscan(limma)
312	NA	mutscan(limma)
313	NA	mutscan(limma)
314	NA	mutscan(limma)
315	NA	mutscan(limma)
316	NA	mutscan(limma)
317	NA	mutscan(limma)
318	NA	mutscan(limma)
319	NA	mutscan(limma)
320	NA	mutscan(limma)
321	NA	mutscan(limma)
322	NA	mutscan(limma)
323	NA	mutscan(limma)
324	NA	mutscan(limma)
325	NA	mutscan(limma)
326	NA	mutscan(limma)
327	NA	mutscan(limma)
328	NA	mutscan(limma)
329	NA	mutscan(limma)
330	NA	mutscan(limma)
331	NA	mutscan(limma)
332	NA	mutscan(limma)
333	NA	mutscan(limma)
334	NA	mutscan(limma)
335	NA	mutscan(limma)
336	NA	mutscan(limma)
337	NA	mutscan(limma)
338	NA	mutscan(limma)
339	NA	mutscan(limma)
340	NA	mutscan(limma)
341	NA	mutscan(limma)
342	NA	mutscan(limma)
343	NA	mutscan(limma)
344	NA	mutscan(limma)
345	NA	mutscan(limma)
346	NA	mutscan(limma)
347	NA	mutscan(limma)
348	NA	mutscan(limma)
349	NA	mutscan(limma)
350	NA	mutscan(limma)
351	NA	mutscan(limma)
352	NA	mutscan(limma)
353	NA	mutscan(limma)
354	NA	mutscan(limma)
355	NA	mutscan(limma)
356	NA	mutscan(limma)
357	NA	mutscan(limma)
358	NA	mutscan(limma)
359	NA	mutscan(limma)
360	NA	mutscan(limma)
361	NA	mutscan(limma)
362	NA	mutscan(limma)
363	NA	mutscan(limma)
364	NA	mutscan(limma)
365	NA	mutscan(limma)
366	NA	mutscan(limma)
367	NA	mutscan(limma)
368	NA	mutscan(limma)
369	NA	mutscan(limma)
370	NA	mutscan(limma)
371	NA	mutscan(limma)
372	NA	mutscan(limma)
373	NA	mutscan(limma)
374	NA	mutscan(limma)
375	NA	mutscan(limma)
376	NA	mutscan(limma)
377	NA	mutscan(limma)
378	NA	mutscan(limma)
379	NA	mutscan(limma)
380	NA	mutscan(limma)
381	NA	mutscan(limma)
382	NA	mutscan(limma)
383	NA	mutscan(limma)
384	NA	mutscan(limma)
385	NA	mutscan(limma)
386	NA	mutscan(limma)
387	NA	mutscan(limma)
388	NA	mutscan(limma)
389	NA	mutscan(limma)
390	NA	mutscan(limma)
391	NA	mutscan(limma)
392	NA	mutscan(limma)
393	NA	mutscan(limma)
394	NA	mutscan(limma)
395	NA	mutscan(limma)
396	NA	mutscan(limma)
397	NA	mutscan(limma)
398	NA	mutscan(limma)
399	NA	mutscan(limma)
400	NA	mutscan(limma)
401	NA	mutscan(limma)
402	NA	mutscan(limma)
403	NA	mutscan(limma)
404	NA	mutscan(limma)
405	NA	mutscan(limma)
406	NA	mutscan(limma)
407	NA	mutscan(limma)
408	NA	mutscan(limma)
409	NA	mutscan(limma)
410	NA	mutscan(limma)
411	NA	mutscan(limma)
412	NA	mutscan(limma)
413	NA	mutscan(limma)
414	NA	mutscan(limma)
415	NA	mutscan(limma)
416	NA	mutscan(limma)
417	NA	mutscan(limma)
418	NA	mutscan(limma)
419	NA	mutscan(limma)
420	NA	mutscan(limma)
421	NA	mutscan(limma)
422	NA	mutscan(limma)
423	NA	mutscan(limma)
424	NA	mutscan(limma)
425	NA	mutscan(limma)
426	NA	mutscan(limma)
427	NA	mutscan(limma)
428	NA	mutscan(limma)
429	NA	mutscan(limma)
430	NA	mutscan(limma)
431	NA	mutscan(limma)
432	NA	mutscan(limma)
433	NA	mutscan(limma)
434	NA	mutscan(limma)
435	NA	mutscan(limma)
436	NA	mutscan(limma)
437	NA	mutscan(limma)
438	NA	mutscan(limma)
439	NA	mutscan(limma)
440	NA	mutscan(limma)
441	NA	mutscan(limma)
442	NA	mutscan(limma)
443	NA	mutscan(limma)
444	NA	mutscan(limma)
445	NA	mutscan(limma)
446	NA	mutscan(limma)
447	NA	mutscan(limma)
448	NA	mutscan(limma)
449	NA	mutscan(limma)
450	NA	mutscan(limma)
451	NA	mutscan(limma)
452	NA	mutscan(limma)
453	NA	mutscan(limma)
454	NA	mutscan(limma)
455	NA	mutscan(limma)
456	NA	mutscan(limma)
457	NA	mutscan(limma)
458	NA	mutscan(limma)
459	NA	mutscan(limma)
460	NA	mutscan(limma)
461	NA	mutscan(limma)
462	NA	mutscan(limma)
463	NA	mutscan(limma)
464	NA	mutscan(limma)
465	NA	mutscan(limma)
466	NA	mutscan(limma)
467	NA	mutscan(limma)
468	NA	mutscan(limma)
469	NA	mutscan(limma)
470	NA	mutscan(limma)
471	NA	mutscan(limma)
472	NA	mutscan(limma)
473	NA	mutscan(limma)
474	NA	mutscan(limma)
475	NA	mutscan(limma)
476	NA	mutscan(limma)
477	NA	mutscan(limma)
478	NA	mutscan(limma)
479	NA	mutscan(limma)
480	NA	mutscan(limma)
481	NA	mutscan(limma)
482	NA	mutscan(limma)
483	NA	mutscan(limma)
484	NA	mutscan(limma)
485	NA	mutscan(limma)
486	NA	mutscan(limma)
487	NA	mutscan(limma)
488	NA	mutscan(limma)
489	NA	mutscan(limma)
490	NA	mutscan(limma)
491	NA	mutscan(limma)
492	NA	mutscan(limma)
493	NA	mutscan(limma)
494	NA	mutscan(limma)
495	NA	mutscan(limma)
496	NA	mutscan(limma)
497	NA	mutscan(limma)
498	NA	mutscan(limma)
499	NA	mutscan(limma)
500	NA	mutscan(limma)
1	NA	DiMSum
2	NA	DiMSum
3	NA	DiMSum
4	NA	DiMSum
5	NA	DiMSum
6	NA	DiMSum
7	NA	DiMSum
8	NA	DiMSum
9	NA	DiMSum
10	NA	DiMSum
11	NA	DiMSum
12	NA	DiMSum
13	NA	DiMSum
14	NA	DiMSum
15	NA	DiMSum
16	NA	DiMSum
17	NA	DiMSum
18	NA	DiMSum
19	NA	DiMSum
20	NA	DiMSum
21	NA	DiMSum
22	NA	DiMSum
23	NA	DiMSum
24	NA	DiMSum
25	NA	DiMSum
26	NA	DiMSum
27	NA	DiMSum
28	NA	DiMSum
29	NA	DiMSum
30	NA	DiMSum
31	NA	DiMSum
32	NA	DiMSum
33	NA	DiMSum
34	NA	DiMSum
35	NA	DiMSum
36	NA	DiMSum
37	NA	DiMSum
38	NA	DiMSum
39	NA	DiMSum
40	NA	DiMSum
41	NA	DiMSum
42	NA	DiMSum
43	NA	DiMSum
44	NA	DiMSum
45	NA	DiMSum
46	NA	DiMSum
47	NA	DiMSum
48	NA	DiMSum
49	NA	DiMSum
50	NA	DiMSum
51	NA	DiMSum
52	NA	DiMSum
53	NA	DiMSum
54	NA	DiMSum
55	NA	DiMSum
56	NA	DiMSum
57	NA	DiMSum
58	NA	DiMSum
59	NA	DiMSum
60	NA	DiMSum
61	NA	DiMSum
62	NA	DiMSum
63	NA	DiMSum
64	NA	DiMSum
65	NA	DiMSum
66	NA	DiMSum
67	NA	DiMSum
68	NA	DiMSum
69	NA	DiMSum
70	NA	DiMSum
71	NA	DiMSum
72	NA	DiMSum
73	NA	DiMSum
74	NA	DiMSum
75	NA	DiMSum
76	NA	DiMSum
77	NA	DiMSum
78	NA	DiMSum
79	NA	DiMSum
80	NA	DiMSum
81	NA	DiMSum
82	NA	DiMSum
83	NA	DiMSum
84	NA	DiMSum
85	NA	DiMSum
86	NA	DiMSum
87	NA	DiMSum
88	NA	DiMSum
89	NA	DiMSum
90	NA	DiMSum
91	NA	DiMSum
92	NA	DiMSum
93	NA	DiMSum
94	NA	DiMSum
95	NA	DiMSum
96	NA	DiMSum
97	NA	DiMSum
98	NA	DiMSum
99	NA	DiMSum
100	NA	DiMSum
101	NA	DiMSum
102	NA	DiMSum
103	NA	DiMSum
104	NA	DiMSum
105	NA	DiMSum
106	NA	DiMSum
107	NA	DiMSum
108	NA	DiMSum
109	NA	DiMSum
110	NA	DiMSum
111	NA	DiMSum
112	NA	DiMSum
113	NA	DiMSum
114	NA	DiMSum
115	NA	DiMSum
116	NA	DiMSum
117	NA	DiMSum
118	NA	DiMSum
119	NA	DiMSum
120	NA	DiMSum
121	NA	DiMSum
122	NA	DiMSum
123	NA	DiMSum
124	NA	DiMSum
125	NA	DiMSum
126	NA	DiMSum
127	NA	DiMSum
128	NA	DiMSum
129	NA	DiMSum
130	NA	DiMSum
131	NA	DiMSum
132	NA	DiMSum
133	NA	DiMSum
134	NA	DiMSum
135	NA	DiMSum
136	NA	DiMSum
137	NA	DiMSum
138	NA	DiMSum
139	NA	DiMSum
140	NA	DiMSum
141	NA	DiMSum
142	NA	DiMSum
143	NA	DiMSum
144	NA	DiMSum
145	NA	DiMSum
146	NA	DiMSum
147	NA	DiMSum
148	NA	DiMSum
149	NA	DiMSum
150	NA	DiMSum
151	NA	DiMSum
152	NA	DiMSum
153	NA	DiMSum
154	NA	DiMSum
155	NA	DiMSum
156	NA	DiMSum
157	NA	DiMSum
158	NA	DiMSum
159	NA	DiMSum
160	NA	DiMSum
161	NA	DiMSum
162	NA	DiMSum
163	NA	DiMSum
164	NA	DiMSum
165	NA	DiMSum
166	NA	DiMSum
167	NA	DiMSum
168	NA	DiMSum
169	NA	DiMSum
170	NA	DiMSum
171	NA	DiMSum
172	NA	DiMSum
173	NA	DiMSum
174	NA	DiMSum
175	NA	DiMSum
176	NA	DiMSum
177	NA	DiMSum
178	NA	DiMSum
179	NA	DiMSum
180	NA	DiMSum
181	NA	DiMSum
182	NA	DiMSum
183	NA	DiMSum
184	NA	DiMSum
185	NA	DiMSum
186	NA	DiMSum
187	NA	DiMSum
188	NA	DiMSum
189	NA	DiMSum
190	NA	DiMSum
191	NA	DiMSum
192	NA	DiMSum
193	NA	DiMSum
194	NA	DiMSum
195	NA	DiMSum
196	NA	DiMSum
197	NA	DiMSum
198	NA	DiMSum
199	NA	DiMSum
200	NA	DiMSum
201	NA	DiMSum
202	NA	DiMSum
203	NA	DiMSum
204	NA	DiMSum
205	NA	DiMSum
206	NA	DiMSum
207	NA	DiMSum
208	NA	DiMSum
209	NA	DiMSum
210	NA	DiMSum
211	NA	DiMSum
212	NA	DiMSum
213	NA	DiMSum
214	NA	DiMSum
215	NA	DiMSum
216	NA	DiMSum
217	NA	DiMSum
218	NA	DiMSum
219	NA	DiMSum
220	NA	DiMSum
221	NA	DiMSum
222	NA	DiMSum
223	NA	DiMSum
224	NA	DiMSum
225	NA	DiMSum
226	NA	DiMSum
227	NA	DiMSum
228	NA	DiMSum
229	NA	DiMSum
230	NA	DiMSum
231	NA	DiMSum
232	NA	DiMSum
233	NA	DiMSum
234	NA	DiMSum
235	NA	DiMSum
236	NA	DiMSum
237	NA	DiMSum
238	NA	DiMSum
239	NA	DiMSum
240	NA	DiMSum
241	NA	DiMSum
242	NA	DiMSum
243	NA	DiMSum
244	NA	DiMSum
245	NA	DiMSum
246	NA	DiMSum
247	NA	DiMSum
248	NA	DiMSum
249	NA	DiMSum
250	NA	DiMSum
251	NA	DiMSum
252	NA	DiMSum
253	NA	DiMSum
254	NA	DiMSum
255	NA	DiMSum
256	NA	DiMSum
257	NA	DiMSum
258	NA	DiMSum
259	NA	DiMSum
260	NA	DiMSum
261	NA	DiMSum
262	NA	DiMSum
263	NA	DiMSum
264	NA	DiMSum
265	NA	DiMSum
266	NA	DiMSum
267	NA	DiMSum
268	NA	DiMSum
269	NA	DiMSum
270	NA	DiMSum
271	NA	DiMSum
272	NA	DiMSum
273	NA	DiMSum
274	NA	DiMSum
275	NA	DiMSum
276	NA	DiMSum
277	NA	DiMSum
278	NA	DiMSum
279	NA	DiMSum
280	NA	DiMSum
281	NA	DiMSum
282	NA	DiMSum
283	NA	DiMSum
284	NA	DiMSum
285	NA	DiMSum
286	NA	DiMSum
287	NA	DiMSum
288	NA	DiMSum
289	NA	DiMSum
290	NA	DiMSum
291	NA	DiMSum
292	NA	DiMSum
293	NA	DiMSum
294	NA	DiMSum
295	NA	DiMSum
296	NA	DiMSum
297	NA	DiMSum
298	NA	DiMSum
299	NA	DiMSum
300	NA	DiMSum
301	NA	DiMSum
302	NA	DiMSum
303	NA	DiMSum
304	NA	DiMSum
305	NA	DiMSum
306	NA	DiMSum
307	NA	DiMSum
308	NA	DiMSum
309	NA	DiMSum
310	NA	DiMSum
311	NA	DiMSum
312	NA	DiMSum
313	NA	DiMSum
314	NA	DiMSum
315	NA	DiMSum
316	NA	DiMSum
317	NA	DiMSum
318	NA	DiMSum
319	NA	DiMSum
320	NA	DiMSum
321	NA	DiMSum
322	NA	DiMSum
323	NA	DiMSum
324	NA	DiMSum
325	NA	DiMSum
326	NA	DiMSum
327	NA	DiMSum
328	NA	DiMSum
329	NA	DiMSum
330	NA	DiMSum
331	NA	DiMSum
332	NA	DiMSum
333	NA	DiMSum
334	NA	DiMSum
335	NA	DiMSum
336	NA	DiMSum
337	NA	DiMSum
338	NA	DiMSum
339	NA	DiMSum
340	NA	DiMSum
341	NA	DiMSum
342	NA	DiMSum
343	NA	DiMSum
344	NA	DiMSum
345	NA	DiMSum
346	NA	DiMSum
347	NA	DiMSum
348	NA	DiMSum
349	NA	DiMSum
350	NA	DiMSum
351	NA	DiMSum
352	NA	DiMSum
353	NA	DiMSum
354	NA	DiMSum
355	NA	DiMSum
356	NA	DiMSum
357	NA	DiMSum
358	NA	DiMSum
359	NA	DiMSum
360	NA	DiMSum
361	NA	DiMSum
362	NA	DiMSum
363	NA	DiMSum
364	NA	DiMSum
365	NA	DiMSum
366	NA	DiMSum
367	NA	DiMSum
368	NA	DiMSum
369	NA	DiMSum
370	NA	DiMSum
371	NA	DiMSum
372	NA	DiMSum
373	NA	DiMSum
374	NA	DiMSum
375	NA	DiMSum
376	NA	DiMSum
377	NA	DiMSum
378	NA	DiMSum
379	NA	DiMSum
380	NA	DiMSum
381	NA	DiMSum
382	NA	DiMSum
383	NA	DiMSum
384	NA	DiMSum
385	NA	DiMSum
386	NA	DiMSum
387	NA	DiMSum
388	NA	DiMSum
389	NA	DiMSum
390	NA	DiMSum
391	NA	DiMSum
392	NA	DiMSum
393	NA	DiMSum
394	NA	DiMSum
395	NA	DiMSum
396	NA	DiMSum
397	NA	DiMSum
398	NA	DiMSum
399	NA	DiMSum
400	NA	DiMSum
401	NA	DiMSum
402	NA	DiMSum
403	NA	DiMSum
404	NA	DiMSum
405	NA	DiMSum
406	NA	DiMSum
407	NA	DiMSum
408	NA	DiMSum
409	NA	DiMSum
410	NA	DiMSum
411	NA	DiMSum
412	NA	DiMSum
413	NA	DiMSum
414	NA	DiMSum
415	NA	DiMSum
416	NA	DiMSum
417	NA	DiMSum
418	NA	DiMSum
419	NA	DiMSum
420	NA	DiMSum
421	NA	DiMSum
422	NA	DiMSum
423	NA	DiMSum
424	NA	DiMSum
425	NA	DiMSum
426	NA	DiMSum
427	NA	DiMSum
428	NA	DiMSum
429	NA	DiMSum
430	NA	DiMSum
431	NA	DiMSum
432	NA	DiMSum
433	NA	DiMSum
434	NA	DiMSum
435	NA	DiMSum
436	NA	DiMSum
437	NA	DiMSum
438	NA	DiMSum
439	NA	DiMSum
440	NA	DiMSum
441	NA	DiMSum
442	NA	DiMSum
443	NA	DiMSum
444	NA	DiMSum
445	NA	DiMSum
446	NA	DiMSum
447	NA	DiMSum
448	NA	DiMSum
449	NA	DiMSum
450	NA	DiMSum
451	NA	DiMSum
452	NA	DiMSum
453	NA	DiMSum
454	NA	DiMSum
455	NA	DiMSum
456	NA	DiMSum
457	NA	DiMSum
458	NA	DiMSum
459	NA	DiMSum
460	NA	DiMSum
461	NA	DiMSum
462	NA	DiMSum
463	NA	DiMSum
464	NA	DiMSum
465	NA	DiMSum
466	NA	DiMSum
467	NA	DiMSum
468	NA	DiMSum
469	NA	DiMSum
470	NA	DiMSum
471	NA	DiMSum
472	NA	DiMSum
473	NA	DiMSum
474	NA	DiMSum
475	NA	DiMSum
476	NA	DiMSum
477	NA	DiMSum
478	NA	DiMSum
479	NA	DiMSum
480	NA	DiMSum
481	NA	DiMSum
482	NA	DiMSum
483	NA	DiMSum
484	NA	DiMSum
485	NA	DiMSum
486	NA	DiMSum
487	NA	DiMSum
488	NA	DiMSum
489	NA	DiMSum
490	NA	DiMSum
491	NA	DiMSum
492	NA	DiMSum
493	NA	DiMSum
494	NA	DiMSum
495	NA	DiMSum
496	NA	DiMSum
497	NA	DiMSum
498	NA	DiMSum
499	NA	DiMSum
500	NA	DiMSum
